condition_id,layer_id,power_w,speed_mms,spacing_mm,scan_strategy,energy_density,rgb_view1_before_path,rgb_view1_after_path,rgb_view2_before_path,rgb_view2_after_path,ir_view_before_path,ir_view_after_path,batch_id,role,defect_label_binary,defect_label_type
Base-01,1,120,1000,0.08,Stripe,1.5,images/Base-01/L0001/rgb_view1_before.jpg,images/Base-01/L0001/rgb_view1_after.jpg,images/Base-01/L0001/rgb_view2_before.jpg,images/Base-01/L0001/rgb_view2_after.jpg,images/Base-01/L0001/ir_before.jpg,images/Base-01/L0001/ir_after.jpg,1,source_train,0,normal
Base-01,2,120,1000,0.08,Stripe,1.5,images/Base-01/L0002/rgb_view1_before.jpg,images/Base-01/L0002/rgb_view1_after.jpg,images/Base-01/L0002/rgb_view2_before.jpg,images/Base-01/L0002/rgb_view2_after.jpg,images/Base-01/L0002/ir_before.jpg,images/Base-01/L0002/ir_after.jpg,1,source_train,0,normal
Base-01,3,120,1000,0.08,Stripe,1.5,images/Base-01/L0003/rgb_view1_before.jpg,images/Base-01/L0003/rgb_view1_after.jpg,images/Base-01/L0003/rgb_view2_before.jpg,images/Base-01/L0003/rgb_view2_after.jpg,images/Base-01/L0003/ir_before.jpg,images/Base-01/L0003/ir_after.jpg,1,source_train,0,normal
Base-01,4,120,1000,0.08,Stripe,1.5,images/Base-01/L0004/rgb_view1_before.jpg,images/Base-01/L0004/rgb_view1_after.jpg,images/Base-01/L0004/rgb_view2_before.jpg,images/Base-01/L0004/rgb_view2_after.jpg,images/Base-01/L0004/ir_before.jpg,images/Base-01/L0004/ir_after.jpg,1,source_train,0,normal
Base-01,6,120,1000,0.08,Stripe,1.5,images/Base-01/L0006/rgb_view1_before.jpg,images/Base-01/L0006/rgb_view1_after.jpg,images/Base-01/L0006/rgb_view2_before.jpg,images/Base-01/L0006/rgb_view2_after.jpg,images/Base-01/L0006/ir_before.jpg,images/Base-01/L0006/ir_after.jpg,1,source_train,0,normal
Base-01,7,120,1000,0.08,Stripe,1.5,images/Base-01/L0007/rgb_view1_before.jpg,images/Base-01/L0007/rgb_view1_after.jpg,images/Base-01/L0007/rgb_view2_before.jpg,images/Base-01/L0007/rgb_view2_after.jpg,images/Base-01/L0007/ir_before.jpg,images/Base-01/L0007/ir_after.jpg,1,source_train,0,normal
Base-01,11,120,1000,0.08,Stripe,1.5,images/Base-01/L0011/rgb_view1_before.jpg,images/Base-01/L0011/rgb_view1_after.jpg,images/Base-01/L0011/rgb_view2_before.jpg,images/Base-01/L0011/rgb_view2_after.jpg,images/Base-01/L0011/ir_before.jpg,images/Base-01/L0011/ir_after.jpg,1,source_train,0,normal
Base-01,14,120,1000,0.08,Stripe,1.5,images/Base-01/L0014/rgb_view1_before.jpg,images/Base-01/L0014/rgb_view1_after.jpg,images/Base-01/L0014/rgb_view2_before.jpg,images/Base-01/L0014/rgb_view2_after.jpg,images/Base-01/L0014/ir_before.jpg,images/Base-01/L0014/ir_after.jpg,1,source_train,0,normal
Base-01,15,120,1000,0.08,Stripe,1.5,images/Base-01/L0015/rgb_view1_before.jpg,images/Base-01/L0015/rgb_view1_after.jpg,images/Base-01/L0015/rgb_view2_before.jpg,images/Base-01/L0015/rgb_view2_after.jpg,images/Base-01/L0015/ir_before.jpg,images/Base-01/L0015/ir_after.jpg,1,source_train,0,normal
Base-01,16,120,1000,0.08,Stripe,1.5,images/Base-01/L0016/rgb_view1_before.jpg,images/Base-01/L0016/rgb_view1_after.jpg,images/Base-01/L0016/rgb_view2_before.jpg,images/Base-01/L0016/rgb_view2_after.jpg,images/Base-01/L0016/ir_before.jpg,images/Base-01/L0016/ir_after.jpg,1,source_train,0,normal
Base-01,17,120,1000,0.08,Stripe,1.5,images/Base-01/L0017/rgb_view1_before.jpg,images/Base-01/L0017/rgb_view1_after.jpg,images/Base-01/L0017/rgb_view2_before.jpg,images/Base-01/L0017/rgb_view2_after.jpg,images/Base-01/L0017/ir_before.jpg,images/Base-01/L0017/ir_after.jpg,1,source_train,0,normal
Base-01,18,120,1000,0.08,Stripe,1.5,images/Base-01/L0018/rgb_view1_before.jpg,images/Base-01/L0018/rgb_view1_after.jpg,images/Base-01/L0018/rgb_view2_before.jpg,images/Base-01/L0018/rgb_view2_after.jpg,images/Base-01/L0018/ir_before.jpg,images/Base-01/L0018/ir_after.jpg,1,source_train,0,normal
Base-01,19,120,1000,0.08,Stripe,1.5,images/Base-01/L0019/rgb_view1_before.jpg,images/Base-01/L0019/rgb_view1_after.jpg,images/Base-01/L0019/rgb_view2_before.jpg,images/Base-01/L0019/rgb_view2_after.jpg,images/Base-01/L0019/ir_before.jpg,images/Base-01/L0019/ir_after.jpg,1,source_train,0,normal
Base-01,20,120,1000,0.08,Stripe,1.5,images/Base-01/L0020/rgb_view1_before.jpg,images/Base-01/L0020/rgb_view1_after.jpg,images/Base-01/L0020/rgb_view2_before.jpg,images/Base-01/L0020/rgb_view2_after.jpg,images/Base-01/L0020/ir_before.jpg,images/Base-01/L0020/ir_after.jpg,1,source_train,0,normal
Base-02,21,120,1000,0.08,Stripe,1.5,images/Base-02/L0021/rgb_view1_before.jpg,images/Base-02/L0021/rgb_view1_after.jpg,images/Base-02/L0021/rgb_view2_before.jpg,images/Base-02/L0021/rgb_view2_after.jpg,images/Base-02/L0021/ir_before.jpg,images/Base-02/L0021/ir_after.jpg,1,source_repeat,0,normal
Base-02,22,120,1000,0.08,Stripe,1.5,images/Base-02/L0022/rgb_view1_before.jpg,images/Base-02/L0022/rgb_view1_after.jpg,images/Base-02/L0022/rgb_view2_before.jpg,images/Base-02/L0022/rgb_view2_after.jpg,images/Base-02/L0022/ir_before.jpg,images/Base-02/L0022/ir_after.jpg,1,source_repeat,0,normal
Base-02,24,120,1000,0.08,Stripe,1.5,images/Base-02/L0024/rgb_view1_before.jpg,images/Base-02/L0024/rgb_view1_after.jpg,images/Base-02/L0024/rgb_view2_before.jpg,images/Base-02/L0024/rgb_view2_after.jpg,images/Base-02/L0024/ir_before.jpg,images/Base-02/L0024/ir_after.jpg,1,source_repeat,0,normal
Base-02,25,120,1000,0.08,Stripe,1.5,images/Base-02/L0025/rgb_view1_before.jpg,images/Base-02/L0025/rgb_view1_after.jpg,images/Base-02/L0025/rgb_view2_before.jpg,images/Base-02/L0025/rgb_view2_after.jpg,images/Base-02/L0025/ir_before.jpg,images/Base-02/L0025/ir_after.jpg,1,source_repeat,0,normal
Base-02,28,120,1000,0.08,Stripe,1.5,images/Base-02/L0028/rgb_view1_before.jpg,images/Base-02/L0028/rgb_view1_after.jpg,images/Base-02/L0028/rgb_view2_before.jpg,images/Base-02/L0028/rgb_view2_after.jpg,images/Base-02/L0028/ir_before.jpg,images/Base-02/L0028/ir_after.jpg,1,source_repeat,0,normal
Base-02,29,120,1000,0.08,Stripe,1.5,images/Base-02/L0029/rgb_view1_before.jpg,images/Base-02/L0029/rgb_view1_after.jpg,images/Base-02/L0029/rgb_view2_before.jpg,images/Base-02/L0029/rgb_view2_after.jpg,images/Base-02/L0029/ir_before.jpg,images/Base-02/L0029/ir_after.jpg,1,source_repeat,0,normal
Base-02,32,120,1000,0.08,Stripe,1.5,images/Base-02/L0032/rgb_view1_before.jpg,images/Base-02/L0032/rgb_view1_after.jpg,images/Base-02/L0032/rgb_view2_before.jpg,images/Base-02/L0032/rgb_view2_after.jpg,images/Base-02/L0032/ir_before.jpg,images/Base-02/L0032/ir_after.jpg,1,source_repeat,0,normal
Base-02,33,120,1000,0.08,Stripe,1.5,images/Base-02/L0033/rgb_view1_before.jpg,images/Base-02/L0033/rgb_view1_after.jpg,images/Base-02/L0033/rgb_view2_before.jpg,images/Base-02/L0033/rgb_view2_after.jpg,images/Base-02/L0033/ir_before.jpg,images/Base-02/L0033/ir_after.jpg,1,source_repeat,0,normal
Base-02,34,120,1000,0.08,Stripe,1.5,images/Base-02/L0034/rgb_view1_before.jpg,images/Base-02/L0034/rgb_view1_after.jpg,images/Base-02/L0034/rgb_view2_before.jpg,images/Base-02/L0034/rgb_view2_after.jpg,images/Base-02/L0034/ir_before.jpg,images/Base-02/L0034/ir_after.jpg,1,source_repeat,0,normal
Base-02,35,120,1000,0.08,Stripe,1.5,images/Base-02/L0035/rgb_view1_before.jpg,images/Base-02/L0035/rgb_view1_after.jpg,images/Base-02/L0035/rgb_view2_before.jpg,images/Base-02/L0035/rgb_view2_after.jpg,images/Base-02/L0035/ir_before.jpg,images/Base-02/L0035/ir_after.jpg,1,source_repeat,0,normal
Equiv-01,165,240,2000,0.08,Stripe,1.5,images/Equiv-01/L0165/rgb_view1_before.jpg,images/Equiv-01/L0165/rgb_view1_after.jpg,images/Equiv-01/L0165/rgb_view2_before.jpg,images/Equiv-01/L0165/rgb_view2_after.jpg,images/Equiv-01/L0165/ir_before.jpg,images/Equiv-01/L0165/ir_after.jpg,1,causal_equiv_test,0,normal
Equiv-01,167,240,2000,0.08,Stripe,1.5,images/Equiv-01/L0167/rgb_view1_before.jpg,images/Equiv-01/L0167/rgb_view1_after.jpg,images/Equiv-01/L0167/rgb_view2_before.jpg,images/Equiv-01/L0167/rgb_view2_after.jpg,images/Equiv-01/L0167/ir_before.jpg,images/Equiv-01/L0167/ir_after.jpg,1,causal_equiv_test,0,normal
Equiv-01,168,240,2000,0.08,Stripe,1.5,images/Equiv-01/L0168/rgb_view1_before.jpg,images/Equiv-01/L0168/rgb_view1_after.jpg,images/Equiv-01/L0168/rgb_view2_before.jpg,images/Equiv-01/L0168/rgb_view2_after.jpg,images/Equiv-01/L0168/ir_before.jpg,images/Equiv-01/L0168/ir_after.jpg,1,causal_equiv_test,0,normal
Equiv-01,170,240,2000,0.08,Stripe,1.5,images/Equiv-01/L0170/rgb_view1_before.jpg,images/Equiv-01/L0170/rgb_view1_after.jpg,images/Equiv-01/L0170/rgb_view2_before.jpg,images/Equiv-01/L0170/rgb_view2_after.jpg,images/Equiv-01/L0170/ir_before.jpg,images/Equiv-01/L0170/ir_after.jpg,1,causal_equiv_test,0,normal
Equiv-01,171,240,2000,0.08,Stripe,1.5,images/Equiv-01/L0171/rgb_view1_before.jpg,images/Equiv-01/L0171/rgb_view1_after.jpg,images/Equiv-01/L0171/rgb_view2_before.jpg,images/Equiv-01/L0171/rgb_view2_after.jpg,images/Equiv-01/L0171/ir_before.jpg,images/Equiv-01/L0171/ir_after.jpg,1,causal_equiv_test,0,normal
Equiv-01,172,240,2000,0.08,Stripe,1.5,images/Equiv-01/L0172/rgb_view1_before.jpg,images/Equiv-01/L0172/rgb_view1_after.jpg,images/Equiv-01/L0172/rgb_view2_before.jpg,images/Equiv-01/L0172/rgb_view2_after.jpg,images/Equiv-01/L0172/ir_before.jpg,images/Equiv-01/L0172/ir_after.jpg,1,causal_equiv_test,0,normal
Equiv-01,173,240,2000,0.08,Stripe,1.5,images/Equiv-01/L0173/rgb_view1_before.jpg,images/Equiv-01/L0173/rgb_view1_after.jpg,images/Equiv-01/L0173/rgb_view2_before.jpg,images/Equiv-01/L0173/rgb_view2_after.jpg,images/Equiv-01/L0173/ir_before.jpg,images/Equiv-01/L0173/ir_after.jpg,1,causal_equiv_test,0,normal
Equiv-01,174,240,2000,0.08,Stripe,1.5,images/Equiv-01/L0174/rgb_view1_before.jpg,images/Equiv-01/L0174/rgb_view1_after.jpg,images/Equiv-01/L0174/rgb_view2_before.jpg,images/Equiv-01/L0174/rgb_view2_after.jpg,images/Equiv-01/L0174/ir_before.jpg,images/Equiv-01/L0174/ir_after.jpg,1,causal_equiv_test,0,normal
Equiv-01,176,240,2000,0.08,Stripe,1.5,images/Equiv-01/L0176/rgb_view1_before.jpg,images/Equiv-01/L0176/rgb_view1_after.jpg,images/Equiv-01/L0176/rgb_view2_before.jpg,images/Equiv-01/L0176/rgb_view2_after.jpg,images/Equiv-01/L0176/ir_before.jpg,images/Equiv-01/L0176/ir_after.jpg,1,causal_equiv_test,0,normal
Equiv-01,177,240,2000,0.08,Stripe,1.5,images/Equiv-01/L0177/rgb_view1_before.jpg,images/Equiv-01/L0177/rgb_view1_after.jpg,images/Equiv-01/L0177/rgb_view2_before.jpg,images/Equiv-01/L0177/rgb_view2_after.jpg,images/Equiv-01/L0177/ir_before.jpg,images/Equiv-01/L0177/ir_after.jpg,1,causal_equiv_test,0,normal
Equiv-01,178,240,2000,0.08,Stripe,1.5,images/Equiv-01/L0178/rgb_view1_before.jpg,images/Equiv-01/L0178/rgb_view1_after.jpg,images/Equiv-01/L0178/rgb_view2_before.jpg,images/Equiv-01/L0178/rgb_view2_after.jpg,images/Equiv-01/L0178/ir_before.jpg,images/Equiv-01/L0178/ir_after.jpg,1,causal_equiv_test,0,normal
Equiv-01,179,240,2000,0.08,Stripe,1.5,images/Equiv-01/L0179/rgb_view1_before.jpg,images/Equiv-01/L0179/rgb_view1_after.jpg,images/Equiv-01/L0179/rgb_view2_before.jpg,images/Equiv-01/L0179/rgb_view2_after.jpg,images/Equiv-01/L0179/ir_before.jpg,images/Equiv-01/L0179/ir_after.jpg,1,causal_equiv_test,0,normal
Equiv-01,180,240,2000,0.08,Stripe,1.5,images/Equiv-01/L0180/rgb_view1_before.jpg,images/Equiv-01/L0180/rgb_view1_after.jpg,images/Equiv-01/L0180/rgb_view2_before.jpg,images/Equiv-01/L0180/rgb_view2_after.jpg,images/Equiv-01/L0180/ir_before.jpg,images/Equiv-01/L0180/ir_after.jpg,1,causal_equiv_test,0,normal
Equiv-02,183,60,500,0.08,Stripe,1.5,images/Equiv-02/L0183/rgb_view1_before.jpg,images/Equiv-02/L0183/rgb_view1_after.jpg,images/Equiv-02/L0183/rgb_view2_before.jpg,images/Equiv-02/L0183/rgb_view2_after.jpg,images/Equiv-02/L0183/ir_before.jpg,images/Equiv-02/L0183/ir_after.jpg,1,causal_equiv_test,0,normal
Equiv-02,184,60,500,0.08,Stripe,1.5,images/Equiv-02/L0184/rgb_view1_before.jpg,images/Equiv-02/L0184/rgb_view1_after.jpg,images/Equiv-02/L0184/rgb_view2_before.jpg,images/Equiv-02/L0184/rgb_view2_after.jpg,images/Equiv-02/L0184/ir_before.jpg,images/Equiv-02/L0184/ir_after.jpg,1,causal_equiv_test,0,normal
Equiv-02,185,60,500,0.08,Stripe,1.5,images/Equiv-02/L0185/rgb_view1_before.jpg,images/Equiv-02/L0185/rgb_view1_after.jpg,images/Equiv-02/L0185/rgb_view2_before.jpg,images/Equiv-02/L0185/rgb_view2_after.jpg,images/Equiv-02/L0185/ir_before.jpg,images/Equiv-02/L0185/ir_after.jpg,1,causal_equiv_test,0,normal
Equiv-02,186,60,500,0.08,Stripe,1.5,images/Equiv-02/L0186/rgb_view1_before.jpg,images/Equiv-02/L0186/rgb_view1_after.jpg,images/Equiv-02/L0186/rgb_view2_before.jpg,images/Equiv-02/L0186/rgb_view2_after.jpg,images/Equiv-02/L0186/ir_before.jpg,images/Equiv-02/L0186/ir_after.jpg,1,causal_equiv_test,0,normal
Equiv-02,187,60,500,0.08,Stripe,1.5,images/Equiv-02/L0187/rgb_view1_before.jpg,images/Equiv-02/L0187/rgb_view1_after.jpg,images/Equiv-02/L0187/rgb_view2_before.jpg,images/Equiv-02/L0187/rgb_view2_after.jpg,images/Equiv-02/L0187/ir_before.jpg,images/Equiv-02/L0187/ir_after.jpg,1,causal_equiv_test,0,normal
Equiv-02,188,60,500,0.08,Stripe,1.5,images/Equiv-02/L0188/rgb_view1_before.jpg,images/Equiv-02/L0188/rgb_view1_after.jpg,images/Equiv-02/L0188/rgb_view2_before.jpg,images/Equiv-02/L0188/rgb_view2_after.jpg,images/Equiv-02/L0188/ir_before.jpg,images/Equiv-02/L0188/ir_after.jpg,1,causal_equiv_test,0,normal
Equiv-02,189,60,500,0.08,Stripe,1.5,images/Equiv-02/L0189/rgb_view1_before.jpg,images/Equiv-02/L0189/rgb_view1_after.jpg,images/Equiv-02/L0189/rgb_view2_before.jpg,images/Equiv-02/L0189/rgb_view2_after.jpg,images/Equiv-02/L0189/ir_before.jpg,images/Equiv-02/L0189/ir_after.jpg,1,causal_equiv_test,0,normal
Equiv-02,190,60,500,0.08,Stripe,1.5,images/Equiv-02/L0190/rgb_view1_before.jpg,images/Equiv-02/L0190/rgb_view1_after.jpg,images/Equiv-02/L0190/rgb_view2_before.jpg,images/Equiv-02/L0190/rgb_view2_after.jpg,images/Equiv-02/L0190/ir_before.jpg,images/Equiv-02/L0190/ir_after.jpg,1,causal_equiv_test,0,normal
Equiv-02,193,60,500,0.08,Stripe,1.5,images/Equiv-02/L0193/rgb_view1_before.jpg,images/Equiv-02/L0193/rgb_view1_after.jpg,images/Equiv-02/L0193/rgb_view2_before.jpg,images/Equiv-02/L0193/rgb_view2_after.jpg,images/Equiv-02/L0193/ir_before.jpg,images/Equiv-02/L0193/ir_after.jpg,1,causal_equiv_test,0,normal
Equiv-02,194,60,500,0.08,Stripe,1.5,images/Equiv-02/L0194/rgb_view1_before.jpg,images/Equiv-02/L0194/rgb_view1_after.jpg,images/Equiv-02/L0194/rgb_view2_before.jpg,images/Equiv-02/L0194/rgb_view2_after.jpg,images/Equiv-02/L0194/ir_before.jpg,images/Equiv-02/L0194/ir_after.jpg,1,causal_equiv_test,0,normal
Equiv-02,195,60,500,0.08,Stripe,1.5,images/Equiv-02/L0195/rgb_view1_before.jpg,images/Equiv-02/L0195/rgb_view1_after.jpg,images/Equiv-02/L0195/rgb_view2_before.jpg,images/Equiv-02/L0195/rgb_view2_after.jpg,images/Equiv-02/L0195/ir_before.jpg,images/Equiv-02/L0195/ir_after.jpg,1,causal_equiv_test,0,normal
Gen-01,196,120,1000,0.08,Zigzag,1.5,images/Gen-01/L0196/rgb_view1_before.jpg,images/Gen-01/L0196/rgb_view1_after.jpg,images/Gen-01/L0196/rgb_view2_before.jpg,images/Gen-01/L0196/rgb_view2_after.jpg,images/Gen-01/L0196/ir_before.jpg,images/Gen-01/L0196/ir_after.jpg,1,unseen_strategy_shift,0,normal
Gen-01,197,120,1000,0.08,Zigzag,1.5,images/Gen-01/L0197/rgb_view1_before.jpg,images/Gen-01/L0197/rgb_view1_after.jpg,images/Gen-01/L0197/rgb_view2_before.jpg,images/Gen-01/L0197/rgb_view2_after.jpg,images/Gen-01/L0197/ir_before.jpg,images/Gen-01/L0197/ir_after.jpg,1,unseen_strategy_shift,0,normal
Gen-01,199,120,1000,0.08,Zigzag,1.5,images/Gen-01/L0199/rgb_view1_before.jpg,images/Gen-01/L0199/rgb_view1_after.jpg,images/Gen-01/L0199/rgb_view2_before.jpg,images/Gen-01/L0199/rgb_view2_after.jpg,images/Gen-01/L0199/ir_before.jpg,images/Gen-01/L0199/ir_after.jpg,1,unseen_strategy_shift,0,normal
Gen-01,203,120,1000,0.08,Zigzag,1.5,images/Gen-01/L0203/rgb_view1_before.jpg,images/Gen-01/L0203/rgb_view1_after.jpg,images/Gen-01/L0203/rgb_view2_before.jpg,images/Gen-01/L0203/rgb_view2_after.jpg,images/Gen-01/L0203/ir_before.jpg,images/Gen-01/L0203/ir_after.jpg,1,unseen_strategy_shift,0,normal
Gen-01,204,120,1000,0.08,Zigzag,1.5,images/Gen-01/L0204/rgb_view1_before.jpg,images/Gen-01/L0204/rgb_view1_after.jpg,images/Gen-01/L0204/rgb_view2_before.jpg,images/Gen-01/L0204/rgb_view2_after.jpg,images/Gen-01/L0204/ir_before.jpg,images/Gen-01/L0204/ir_after.jpg,1,unseen_strategy_shift,0,normal
Gen-01,205,120,1000,0.08,Zigzag,1.5,images/Gen-01/L0205/rgb_view1_before.jpg,images/Gen-01/L0205/rgb_view1_after.jpg,images/Gen-01/L0205/rgb_view2_before.jpg,images/Gen-01/L0205/rgb_view2_after.jpg,images/Gen-01/L0205/ir_before.jpg,images/Gen-01/L0205/ir_after.jpg,1,unseen_strategy_shift,0,normal
Gen-01,207,120,1000,0.08,Zigzag,1.5,images/Gen-01/L0207/rgb_view1_before.jpg,images/Gen-01/L0207/rgb_view1_after.jpg,images/Gen-01/L0207/rgb_view2_before.jpg,images/Gen-01/L0207/rgb_view2_after.jpg,images/Gen-01/L0207/ir_before.jpg,images/Gen-01/L0207/ir_after.jpg,1,unseen_strategy_shift,0,normal
Gen-01,208,120,1000,0.08,Zigzag,1.5,images/Gen-01/L0208/rgb_view1_before.jpg,images/Gen-01/L0208/rgb_view1_after.jpg,images/Gen-01/L0208/rgb_view2_before.jpg,images/Gen-01/L0208/rgb_view2_after.jpg,images/Gen-01/L0208/ir_before.jpg,images/Gen-01/L0208/ir_after.jpg,1,unseen_strategy_shift,0,normal
Gen-01,209,120,1000,0.08,Zigzag,1.5,images/Gen-01/L0209/rgb_view1_before.jpg,images/Gen-01/L0209/rgb_view1_after.jpg,images/Gen-01/L0209/rgb_view2_before.jpg,images/Gen-01/L0209/rgb_view2_after.jpg,images/Gen-01/L0209/ir_before.jpg,images/Gen-01/L0209/ir_after.jpg,1,unseen_strategy_shift,0,normal
Gen-01,210,120,1000,0.08,Zigzag,1.5,images/Gen-01/L0210/rgb_view1_before.jpg,images/Gen-01/L0210/rgb_view1_after.jpg,images/Gen-01/L0210/rgb_view2_before.jpg,images/Gen-01/L0210/rgb_view2_after.jpg,images/Gen-01/L0210/ir_before.jpg,images/Gen-01/L0210/ir_after.jpg,1,unseen_strategy_shift,0,normal
Gen-02,211,120,1000,0.05,Stripe,2.4,images/Gen-02/L0211/rgb_view1_before.jpg,images/Gen-02/L0211/rgb_view1_after.jpg,images/Gen-02/L0211/rgb_view2_before.jpg,images/Gen-02/L0211/rgb_view2_after.jpg,images/Gen-02/L0211/ir_before.jpg,images/Gen-02/L0211/ir_after.jpg,1,unseen_texture_shift,0,normal
Gen-02,213,120,1000,0.05,Stripe,2.4,images/Gen-02/L0213/rgb_view1_before.jpg,images/Gen-02/L0213/rgb_view1_after.jpg,images/Gen-02/L0213/rgb_view2_before.jpg,images/Gen-02/L0213/rgb_view2_after.jpg,images/Gen-02/L0213/ir_before.jpg,images/Gen-02/L0213/ir_after.jpg,1,unseen_texture_shift,0,normal
Gen-02,214,120,1000,0.05,Stripe,2.4,images/Gen-02/L0214/rgb_view1_before.jpg,images/Gen-02/L0214/rgb_view1_after.jpg,images/Gen-02/L0214/rgb_view2_before.jpg,images/Gen-02/L0214/rgb_view2_after.jpg,images/Gen-02/L0214/ir_before.jpg,images/Gen-02/L0214/ir_after.jpg,1,unseen_texture_shift,0,normal
Gen-02,215,120,1000,0.05,Stripe,2.4,images/Gen-02/L0215/rgb_view1_before.jpg,images/Gen-02/L0215/rgb_view1_after.jpg,images/Gen-02/L0215/rgb_view2_before.jpg,images/Gen-02/L0215/rgb_view2_after.jpg,images/Gen-02/L0215/ir_before.jpg,images/Gen-02/L0215/ir_after.jpg,1,unseen_texture_shift,0,normal
Gen-02,216,120,1000,0.05,Stripe,2.4,images/Gen-02/L0216/rgb_view1_before.jpg,images/Gen-02/L0216/rgb_view1_after.jpg,images/Gen-02/L0216/rgb_view2_before.jpg,images/Gen-02/L0216/rgb_view2_after.jpg,images/Gen-02/L0216/ir_before.jpg,images/Gen-02/L0216/ir_after.jpg,1,unseen_texture_shift,0,normal
Gen-02,217,120,1000,0.05,Stripe,2.4,images/Gen-02/L0217/rgb_view1_before.jpg,images/Gen-02/L0217/rgb_view1_after.jpg,images/Gen-02/L0217/rgb_view2_before.jpg,images/Gen-02/L0217/rgb_view2_after.jpg,images/Gen-02/L0217/ir_before.jpg,images/Gen-02/L0217/ir_after.jpg,1,unseen_texture_shift,0,normal
Gen-02,218,120,1000,0.05,Stripe,2.4,images/Gen-02/L0218/rgb_view1_before.jpg,images/Gen-02/L0218/rgb_view1_after.jpg,images/Gen-02/L0218/rgb_view2_before.jpg,images/Gen-02/L0218/rgb_view2_after.jpg,images/Gen-02/L0218/ir_before.jpg,images/Gen-02/L0218/ir_after.jpg,1,unseen_texture_shift,0,normal
Gen-02,219,120,1000,0.05,Stripe,2.4,images/Gen-02/L0219/rgb_view1_before.jpg,images/Gen-02/L0219/rgb_view1_after.jpg,images/Gen-02/L0219/rgb_view2_before.jpg,images/Gen-02/L0219/rgb_view2_after.jpg,images/Gen-02/L0219/ir_before.jpg,images/Gen-02/L0219/ir_after.jpg,1,unseen_texture_shift,0,normal
Gen-02,220,120,1000,0.05,Stripe,2.4,images/Gen-02/L0220/rgb_view1_before.jpg,images/Gen-02/L0220/rgb_view1_after.jpg,images/Gen-02/L0220/rgb_view2_before.jpg,images/Gen-02/L0220/rgb_view2_after.jpg,images/Gen-02/L0220/ir_before.jpg,images/Gen-02/L0220/ir_after.jpg,1,unseen_texture_shift,0,normal
Gen-02,221,120,1000,0.05,Stripe,2.4,images/Gen-02/L0221/rgb_view1_before.jpg,images/Gen-02/L0221/rgb_view1_after.jpg,images/Gen-02/L0221/rgb_view2_before.jpg,images/Gen-02/L0221/rgb_view2_after.jpg,images/Gen-02/L0221/ir_before.jpg,images/Gen-02/L0221/ir_after.jpg,1,unseen_texture_shift,0,normal
Gen-02,223,120,1000,0.05,Stripe,2.4,images/Gen-02/L0223/rgb_view1_before.jpg,images/Gen-02/L0223/rgb_view1_after.jpg,images/Gen-02/L0223/rgb_view2_before.jpg,images/Gen-02/L0223/rgb_view2_after.jpg,images/Gen-02/L0223/ir_before.jpg,images/Gen-02/L0223/ir_after.jpg,1,unseen_texture_shift,0,normal
Gen-02,224,120,1000,0.05,Stripe,2.4,images/Gen-02/L0224/rgb_view1_before.jpg,images/Gen-02/L0224/rgb_view1_after.jpg,images/Gen-02/L0224/rgb_view2_before.jpg,images/Gen-02/L0224/rgb_view2_after.jpg,images/Gen-02/L0224/ir_before.jpg,images/Gen-02/L0224/ir_after.jpg,1,unseen_texture_shift,0,normal
Gen-02,225,120,1000,0.05,Stripe,2.4,images/Gen-02/L0225/rgb_view1_before.jpg,images/Gen-02/L0225/rgb_view1_after.jpg,images/Gen-02/L0225/rgb_view2_before.jpg,images/Gen-02/L0225/rgb_view2_after.jpg,images/Gen-02/L0225/ir_before.jpg,images/Gen-02/L0225/ir_after.jpg,1,unseen_texture_shift,0,normal
Gen-03,226,120,1000,0.1,Stripe,1.2,images/Gen-03/L0226/rgb_view1_before.jpg,images/Gen-03/L0226/rgb_view1_after.jpg,images/Gen-03/L0226/rgb_view2_before.jpg,images/Gen-03/L0226/rgb_view2_after.jpg,images/Gen-03/L0226/ir_before.jpg,images/Gen-03/L0226/ir_after.jpg,1,unseen_texture_shift,0,normal
Gen-03,227,120,1000,0.1,Stripe,1.2,images/Gen-03/L0227/rgb_view1_before.jpg,images/Gen-03/L0227/rgb_view1_after.jpg,images/Gen-03/L0227/rgb_view2_before.jpg,images/Gen-03/L0227/rgb_view2_after.jpg,images/Gen-03/L0227/ir_before.jpg,images/Gen-03/L0227/ir_after.jpg,1,unseen_texture_shift,0,normal
Gen-03,229,120,1000,0.1,Stripe,1.2,images/Gen-03/L0229/rgb_view1_before.jpg,images/Gen-03/L0229/rgb_view1_after.jpg,images/Gen-03/L0229/rgb_view2_before.jpg,images/Gen-03/L0229/rgb_view2_after.jpg,images/Gen-03/L0229/ir_before.jpg,images/Gen-03/L0229/ir_after.jpg,1,unseen_texture_shift,0,normal
Gen-03,230,120,1000,0.1,Stripe,1.2,images/Gen-03/L0230/rgb_view1_before.jpg,images/Gen-03/L0230/rgb_view1_after.jpg,images/Gen-03/L0230/rgb_view2_before.jpg,images/Gen-03/L0230/rgb_view2_after.jpg,images/Gen-03/L0230/ir_before.jpg,images/Gen-03/L0230/ir_after.jpg,1,unseen_texture_shift,0,normal
Gen-03,231,120,1000,0.1,Stripe,1.2,images/Gen-03/L0231/rgb_view1_before.jpg,images/Gen-03/L0231/rgb_view1_after.jpg,images/Gen-03/L0231/rgb_view2_before.jpg,images/Gen-03/L0231/rgb_view2_after.jpg,images/Gen-03/L0231/ir_before.jpg,images/Gen-03/L0231/ir_after.jpg,1,unseen_texture_shift,0,normal
Gen-03,232,120,1000,0.1,Stripe,1.2,images/Gen-03/L0232/rgb_view1_before.jpg,images/Gen-03/L0232/rgb_view1_after.jpg,images/Gen-03/L0232/rgb_view2_before.jpg,images/Gen-03/L0232/rgb_view2_after.jpg,images/Gen-03/L0232/ir_before.jpg,images/Gen-03/L0232/ir_after.jpg,1,unseen_texture_shift,0,normal
Gen-03,233,120,1000,0.1,Stripe,1.2,images/Gen-03/L0233/rgb_view1_before.jpg,images/Gen-03/L0233/rgb_view1_after.jpg,images/Gen-03/L0233/rgb_view2_before.jpg,images/Gen-03/L0233/rgb_view2_after.jpg,images/Gen-03/L0233/ir_before.jpg,images/Gen-03/L0233/ir_after.jpg,1,unseen_texture_shift,0,normal
Gen-03,234,120,1000,0.1,Stripe,1.2,images/Gen-03/L0234/rgb_view1_before.jpg,images/Gen-03/L0234/rgb_view1_after.jpg,images/Gen-03/L0234/rgb_view2_before.jpg,images/Gen-03/L0234/rgb_view2_after.jpg,images/Gen-03/L0234/ir_before.jpg,images/Gen-03/L0234/ir_after.jpg,1,unseen_texture_shift,0,normal
Gen-03,235,120,1000,0.1,Stripe,1.2,images/Gen-03/L0235/rgb_view1_before.jpg,images/Gen-03/L0235/rgb_view1_after.jpg,images/Gen-03/L0235/rgb_view2_before.jpg,images/Gen-03/L0235/rgb_view2_after.jpg,images/Gen-03/L0235/ir_before.jpg,images/Gen-03/L0235/ir_after.jpg,1,unseen_texture_shift,0,normal
Gen-03,236,120,1000,0.1,Stripe,1.2,images/Gen-03/L0236/rgb_view1_before.jpg,images/Gen-03/L0236/rgb_view1_after.jpg,images/Gen-03/L0236/rgb_view2_before.jpg,images/Gen-03/L0236/rgb_view2_after.jpg,images/Gen-03/L0236/ir_before.jpg,images/Gen-03/L0236/ir_after.jpg,1,unseen_texture_shift,0,normal
Gen-03,239,120,1000,0.1,Stripe,1.2,images/Gen-03/L0239/rgb_view1_before.jpg,images/Gen-03/L0239/rgb_view1_after.jpg,images/Gen-03/L0239/rgb_view2_before.jpg,images/Gen-03/L0239/rgb_view2_after.jpg,images/Gen-03/L0239/ir_before.jpg,images/Gen-03/L0239/ir_after.jpg,1,unseen_texture_shift,0,normal
Gen-03,240,120,1000,0.1,Stripe,1.2,images/Gen-03/L0240/rgb_view1_before.jpg,images/Gen-03/L0240/rgb_view1_after.jpg,images/Gen-03/L0240/rgb_view2_before.jpg,images/Gen-03/L0240/rgb_view2_after.jpg,images/Gen-03/L0240/ir_before.jpg,images/Gen-03/L0240/ir_after.jpg,1,unseen_texture_shift,0,normal
High-01,36,180,1000,0.08,Stripe,2.25,images/High-01/L0036/rgb_view1_before.jpg,images/High-01/L0036/rgb_view1_after.jpg,images/High-01/L0036/rgb_view2_before.jpg,images/High-01/L0036/rgb_view2_after.jpg,images/High-01/L0036/ir_before.jpg,images/High-01/L0036/ir_after.jpg,1,causal_intervention_high,0,normal
High-01,37,180,1000,0.08,Stripe,2.25,images/High-01/L0037/rgb_view1_before.jpg,images/High-01/L0037/rgb_view1_after.jpg,images/High-01/L0037/rgb_view2_before.jpg,images/High-01/L0037/rgb_view2_after.jpg,images/High-01/L0037/ir_before.jpg,images/High-01/L0037/ir_after.jpg,1,causal_intervention_high,0,normal
High-01,38,180,1000,0.08,Stripe,2.25,images/High-01/L0038/rgb_view1_before.jpg,images/High-01/L0038/rgb_view1_after.jpg,images/High-01/L0038/rgb_view2_before.jpg,images/High-01/L0038/rgb_view2_after.jpg,images/High-01/L0038/ir_before.jpg,images/High-01/L0038/ir_after.jpg,1,causal_intervention_high,0,normal
High-01,39,180,1000,0.08,Stripe,2.25,images/High-01/L0039/rgb_view1_before.jpg,images/High-01/L0039/rgb_view1_after.jpg,images/High-01/L0039/rgb_view2_before.jpg,images/High-01/L0039/rgb_view2_after.jpg,images/High-01/L0039/ir_before.jpg,images/High-01/L0039/ir_after.jpg,1,causal_intervention_high,0,normal
High-01,40,180,1000,0.08,Stripe,2.25,images/High-01/L0040/rgb_view1_before.jpg,images/High-01/L0040/rgb_view1_after.jpg,images/High-01/L0040/rgb_view2_before.jpg,images/High-01/L0040/rgb_view2_after.jpg,images/High-01/L0040/ir_before.jpg,images/High-01/L0040/ir_after.jpg,1,causal_intervention_high,0,normal
High-01,41,180,1000,0.08,Stripe,2.25,images/High-01/L0041/rgb_view1_before.jpg,images/High-01/L0041/rgb_view1_after.jpg,images/High-01/L0041/rgb_view2_before.jpg,images/High-01/L0041/rgb_view2_after.jpg,images/High-01/L0041/ir_before.jpg,images/High-01/L0041/ir_after.jpg,1,causal_intervention_high,0,normal
High-01,44,180,1000,0.08,Stripe,2.25,images/High-01/L0044/rgb_view1_before.jpg,images/High-01/L0044/rgb_view1_after.jpg,images/High-01/L0044/rgb_view2_before.jpg,images/High-01/L0044/rgb_view2_after.jpg,images/High-01/L0044/ir_before.jpg,images/High-01/L0044/ir_after.jpg,1,causal_intervention_high,0,normal
High-01,47,180,1000,0.08,Stripe,2.25,images/High-01/L0047/rgb_view1_before.jpg,images/High-01/L0047/rgb_view1_after.jpg,images/High-01/L0047/rgb_view2_before.jpg,images/High-01/L0047/rgb_view2_after.jpg,images/High-01/L0047/ir_before.jpg,images/High-01/L0047/ir_after.jpg,1,causal_intervention_high,0,normal
High-01,50,180,1000,0.08,Stripe,2.25,images/High-01/L0050/rgb_view1_before.jpg,images/High-01/L0050/rgb_view1_after.jpg,images/High-01/L0050/rgb_view2_before.jpg,images/High-01/L0050/rgb_view2_after.jpg,images/High-01/L0050/ir_before.jpg,images/High-01/L0050/ir_after.jpg,1,causal_intervention_high,0,normal
High-01,51,180,1000,0.08,Stripe,2.25,images/High-01/L0051/rgb_view1_before.jpg,images/High-01/L0051/rgb_view1_after.jpg,images/High-01/L0051/rgb_view2_before.jpg,images/High-01/L0051/rgb_view2_after.jpg,images/High-01/L0051/ir_before.jpg,images/High-01/L0051/ir_after.jpg,1,causal_intervention_high,0,normal
High-02,52,240,1000,0.08,Stripe,3.0,images/High-02/L0052/rgb_view1_before.jpg,images/High-02/L0052/rgb_view1_after.jpg,images/High-02/L0052/rgb_view2_before.jpg,images/High-02/L0052/rgb_view2_after.jpg,images/High-02/L0052/ir_before.jpg,images/High-02/L0052/ir_after.jpg,1,causal_intervention_high,1,HEW
High-02,53,240,1000,0.08,Stripe,3.0,images/High-02/L0053/rgb_view1_before.jpg,images/High-02/L0053/rgb_view1_after.jpg,images/High-02/L0053/rgb_view2_before.jpg,images/High-02/L0053/rgb_view2_after.jpg,images/High-02/L0053/ir_before.jpg,images/High-02/L0053/ir_after.jpg,1,causal_intervention_high,1,HEW
High-02,55,240,1000,0.08,Stripe,3.0,images/High-02/L0055/rgb_view1_before.jpg,images/High-02/L0055/rgb_view1_after.jpg,images/High-02/L0055/rgb_view2_before.jpg,images/High-02/L0055/rgb_view2_after.jpg,images/High-02/L0055/ir_before.jpg,images/High-02/L0055/ir_after.jpg,1,causal_intervention_high,1,HEW
High-02,56,240,1000,0.08,Stripe,3.0,images/High-02/L0056/rgb_view1_before.jpg,images/High-02/L0056/rgb_view1_after.jpg,images/High-02/L0056/rgb_view2_before.jpg,images/High-02/L0056/rgb_view2_after.jpg,images/High-02/L0056/ir_before.jpg,images/High-02/L0056/ir_after.jpg,1,causal_intervention_high,1,HEW
High-02,57,240,1000,0.08,Stripe,3.0,images/High-02/L0057/rgb_view1_before.jpg,images/High-02/L0057/rgb_view1_after.jpg,images/High-02/L0057/rgb_view2_before.jpg,images/High-02/L0057/rgb_view2_after.jpg,images/High-02/L0057/ir_before.jpg,images/High-02/L0057/ir_after.jpg,1,causal_intervention_high,1,HEW
High-02,58,240,1000,0.08,Stripe,3.0,images/High-02/L0058/rgb_view1_before.jpg,images/High-02/L0058/rgb_view1_after.jpg,images/High-02/L0058/rgb_view2_before.jpg,images/High-02/L0058/rgb_view2_after.jpg,images/High-02/L0058/ir_before.jpg,images/High-02/L0058/ir_after.jpg,1,causal_intervention_high,1,HEW
High-02,59,240,1000,0.08,Stripe,3.0,images/High-02/L0059/rgb_view1_before.jpg,images/High-02/L0059/rgb_view1_after.jpg,images/High-02/L0059/rgb_view2_before.jpg,images/High-02/L0059/rgb_view2_after.jpg,images/High-02/L0059/ir_before.jpg,images/High-02/L0059/ir_after.jpg,1,causal_intervention_high,1,HEW
High-02,62,240,1000,0.08,Stripe,3.0,images/High-02/L0062/rgb_view1_before.jpg,images/High-02/L0062/rgb_view1_after.jpg,images/High-02/L0062/rgb_view2_before.jpg,images/High-02/L0062/rgb_view2_after.jpg,images/High-02/L0062/ir_before.jpg,images/High-02/L0062/ir_after.jpg,1,causal_intervention_high,1,HEW
High-02,63,240,1000,0.08,Stripe,3.0,images/High-02/L0063/rgb_view1_before.jpg,images/High-02/L0063/rgb_view1_after.jpg,images/High-02/L0063/rgb_view2_before.jpg,images/High-02/L0063/rgb_view2_after.jpg,images/High-02/L0063/ir_before.jpg,images/High-02/L0063/ir_after.jpg,1,causal_intervention_high,1,HEW
High-02,64,240,1000,0.08,Stripe,3.0,images/High-02/L0064/rgb_view1_before.jpg,images/High-02/L0064/rgb_view1_after.jpg,images/High-02/L0064/rgb_view2_before.jpg,images/High-02/L0064/rgb_view2_after.jpg,images/High-02/L0064/ir_before.jpg,images/High-02/L0064/ir_after.jpg,1,causal_intervention_high,1,HEW
High-02,65,240,1000,0.08,Stripe,3.0,images/High-02/L0065/rgb_view1_before.jpg,images/High-02/L0065/rgb_view1_after.jpg,images/High-02/L0065/rgb_view2_before.jpg,images/High-02/L0065/rgb_view2_after.jpg,images/High-02/L0065/ir_before.jpg,images/High-02/L0065/ir_after.jpg,1,causal_intervention_high,1,HEW
High-02,66,240,1000,0.08,Stripe,3.0,images/High-02/L0066/rgb_view1_before.jpg,images/High-02/L0066/rgb_view1_after.jpg,images/High-02/L0066/rgb_view2_before.jpg,images/High-02/L0066/rgb_view2_after.jpg,images/High-02/L0066/ir_before.jpg,images/High-02/L0066/ir_after.jpg,1,causal_intervention_high,1,HEW
High-03,68,300,1000,0.08,Stripe,3.75,images/High-03/L0068/rgb_view1_before.jpg,images/High-03/L0068/rgb_view1_after.jpg,images/High-03/L0068/rgb_view2_before.jpg,images/High-03/L0068/rgb_view2_after.jpg,images/High-03/L0068/ir_before.jpg,images/High-03/L0068/ir_after.jpg,1,causal_intervention_high,1,HEW
High-03,69,300,1000,0.08,Stripe,3.75,images/High-03/L0069/rgb_view1_before.jpg,images/High-03/L0069/rgb_view1_after.jpg,images/High-03/L0069/rgb_view2_before.jpg,images/High-03/L0069/rgb_view2_after.jpg,images/High-03/L0069/ir_before.jpg,images/High-03/L0069/ir_after.jpg,1,causal_intervention_high,1,HEW
High-03,70,300,1000,0.08,Stripe,3.75,images/High-03/L0070/rgb_view1_before.jpg,images/High-03/L0070/rgb_view1_after.jpg,images/High-03/L0070/rgb_view2_before.jpg,images/High-03/L0070/rgb_view2_after.jpg,images/High-03/L0070/ir_before.jpg,images/High-03/L0070/ir_after.jpg,1,causal_intervention_high,1,HEW
High-03,71,300,1000,0.08,Stripe,3.75,images/High-03/L0071/rgb_view1_before.jpg,images/High-03/L0071/rgb_view1_after.jpg,images/High-03/L0071/rgb_view2_before.jpg,images/High-03/L0071/rgb_view2_after.jpg,images/High-03/L0071/ir_before.jpg,images/High-03/L0071/ir_after.jpg,1,causal_intervention_high,1,HEW
High-03,72,300,1000,0.08,Stripe,3.75,images/High-03/L0072/rgb_view1_before.jpg,images/High-03/L0072/rgb_view1_after.jpg,images/High-03/L0072/rgb_view2_before.jpg,images/High-03/L0072/rgb_view2_after.jpg,images/High-03/L0072/ir_before.jpg,images/High-03/L0072/ir_after.jpg,1,causal_intervention_high,1,HEW
High-03,73,300,1000,0.08,Stripe,3.75,images/High-03/L0073/rgb_view1_before.jpg,images/High-03/L0073/rgb_view1_after.jpg,images/High-03/L0073/rgb_view2_before.jpg,images/High-03/L0073/rgb_view2_after.jpg,images/High-03/L0073/ir_before.jpg,images/High-03/L0073/ir_after.jpg,1,causal_intervention_high,1,HEW
High-03,74,300,1000,0.08,Stripe,3.75,images/High-03/L0074/rgb_view1_before.jpg,images/High-03/L0074/rgb_view1_after.jpg,images/High-03/L0074/rgb_view2_before.jpg,images/High-03/L0074/rgb_view2_after.jpg,images/High-03/L0074/ir_before.jpg,images/High-03/L0074/ir_after.jpg,1,causal_intervention_high,1,HEW
High-03,78,300,1000,0.08,Stripe,3.75,images/High-03/L0078/rgb_view1_before.jpg,images/High-03/L0078/rgb_view1_after.jpg,images/High-03/L0078/rgb_view2_before.jpg,images/High-03/L0078/rgb_view2_after.jpg,images/High-03/L0078/ir_before.jpg,images/High-03/L0078/ir_after.jpg,1,causal_intervention_high,1,HEW
High-03,79,300,1000,0.08,Stripe,3.75,images/High-03/L0079/rgb_view1_before.jpg,images/High-03/L0079/rgb_view1_after.jpg,images/High-03/L0079/rgb_view2_before.jpg,images/High-03/L0079/rgb_view2_after.jpg,images/High-03/L0079/ir_before.jpg,images/High-03/L0079/ir_after.jpg,1,causal_intervention_high,1,HEW
High-03,80,300,1000,0.08,Stripe,3.75,images/High-03/L0080/rgb_view1_before.jpg,images/High-03/L0080/rgb_view1_after.jpg,images/High-03/L0080/rgb_view2_before.jpg,images/High-03/L0080/rgb_view2_after.jpg,images/High-03/L0080/ir_before.jpg,images/High-03/L0080/ir_after.jpg,1,causal_intervention_high,1,HEW
High-03,81,300,1000,0.08,Stripe,3.75,images/High-03/L0081/rgb_view1_before.jpg,images/High-03/L0081/rgb_view1_after.jpg,images/High-03/L0081/rgb_view2_before.jpg,images/High-03/L0081/rgb_view2_after.jpg,images/High-03/L0081/ir_before.jpg,images/High-03/L0081/ir_after.jpg,1,causal_intervention_high,1,HEW
High-03,82,300,1000,0.08,Stripe,3.75,images/High-03/L0082/rgb_view1_before.jpg,images/High-03/L0082/rgb_view1_after.jpg,images/High-03/L0082/rgb_view2_before.jpg,images/High-03/L0082/rgb_view2_after.jpg,images/High-03/L0082/ir_before.jpg,images/High-03/L0082/ir_after.jpg,1,causal_intervention_high,1,HEW
High-03,85,300,1000,0.08,Stripe,3.75,images/High-03/L0085/rgb_view1_before.jpg,images/High-03/L0085/rgb_view1_after.jpg,images/High-03/L0085/rgb_view2_before.jpg,images/High-03/L0085/rgb_view2_after.jpg,images/High-03/L0085/ir_before.jpg,images/High-03/L0085/ir_after.jpg,1,causal_intervention_high,1,HEW
High-04,86,330,1000,0.08,Stripe,4.12,images/High-04/L0086/rgb_view1_before.jpg,images/High-04/L0086/rgb_view1_after.jpg,images/High-04/L0086/rgb_view2_before.jpg,images/High-04/L0086/rgb_view2_after.jpg,images/High-04/L0086/ir_before.jpg,images/High-04/L0086/ir_after.jpg,1,causal_intervention_high,1,HEW
High-04,87,330,1000,0.08,Stripe,4.12,images/High-04/L0087/rgb_view1_before.jpg,images/High-04/L0087/rgb_view1_after.jpg,images/High-04/L0087/rgb_view2_before.jpg,images/High-04/L0087/rgb_view2_after.jpg,images/High-04/L0087/ir_before.jpg,images/High-04/L0087/ir_after.jpg,1,causal_intervention_high,1,HEW
High-04,88,330,1000,0.08,Stripe,4.12,images/High-04/L0088/rgb_view1_before.jpg,images/High-04/L0088/rgb_view1_after.jpg,images/High-04/L0088/rgb_view2_before.jpg,images/High-04/L0088/rgb_view2_after.jpg,images/High-04/L0088/ir_before.jpg,images/High-04/L0088/ir_after.jpg,1,causal_intervention_high,1,HEW
High-04,91,330,1000,0.08,Stripe,4.12,images/High-04/L0091/rgb_view1_before.jpg,images/High-04/L0091/rgb_view1_after.jpg,images/High-04/L0091/rgb_view2_before.jpg,images/High-04/L0091/rgb_view2_after.jpg,images/High-04/L0091/ir_before.jpg,images/High-04/L0091/ir_after.jpg,1,causal_intervention_high,1,HEW
High-04,93,330,1000,0.08,Stripe,4.12,images/High-04/L0093/rgb_view1_before.jpg,images/High-04/L0093/rgb_view1_after.jpg,images/High-04/L0093/rgb_view2_before.jpg,images/High-04/L0093/rgb_view2_after.jpg,images/High-04/L0093/ir_before.jpg,images/High-04/L0093/ir_after.jpg,1,causal_intervention_high,1,HEW
High-04,94,330,1000,0.08,Stripe,4.12,images/High-04/L0094/rgb_view1_before.jpg,images/High-04/L0094/rgb_view1_after.jpg,images/High-04/L0094/rgb_view2_before.jpg,images/High-04/L0094/rgb_view2_after.jpg,images/High-04/L0094/ir_before.jpg,images/High-04/L0094/ir_after.jpg,1,causal_intervention_high,1,HEW
High-04,96,330,1000,0.08,Stripe,4.12,images/High-04/L0096/rgb_view1_before.jpg,images/High-04/L0096/rgb_view1_after.jpg,images/High-04/L0096/rgb_view2_before.jpg,images/High-04/L0096/rgb_view2_after.jpg,images/High-04/L0096/ir_before.jpg,images/High-04/L0096/ir_after.jpg,1,causal_intervention_high,1,HEW
High-04,97,330,1000,0.08,Stripe,4.12,images/High-04/L0097/rgb_view1_before.jpg,images/High-04/L0097/rgb_view1_after.jpg,images/High-04/L0097/rgb_view2_before.jpg,images/High-04/L0097/rgb_view2_after.jpg,images/High-04/L0097/ir_before.jpg,images/High-04/L0097/ir_after.jpg,1,causal_intervention_high,1,HEW
High-04,98,330,1000,0.08,Stripe,4.12,images/High-04/L0098/rgb_view1_before.jpg,images/High-04/L0098/rgb_view1_after.jpg,images/High-04/L0098/rgb_view2_before.jpg,images/High-04/L0098/rgb_view2_after.jpg,images/High-04/L0098/ir_before.jpg,images/High-04/L0098/ir_after.jpg,1,causal_intervention_high,1,HEW
High-04,99,330,1000,0.08,Stripe,4.12,images/High-04/L0099/rgb_view1_before.jpg,images/High-04/L0099/rgb_view1_after.jpg,images/High-04/L0099/rgb_view2_before.jpg,images/High-04/L0099/rgb_view2_after.jpg,images/High-04/L0099/ir_before.jpg,images/High-04/L0099/ir_after.jpg,1,causal_intervention_high,1,HEW
High-04,101,330,1000,0.08,Stripe,4.12,images/High-04/L0101/rgb_view1_before.jpg,images/High-04/L0101/rgb_view1_after.jpg,images/High-04/L0101/rgb_view2_before.jpg,images/High-04/L0101/rgb_view2_after.jpg,images/High-04/L0101/ir_before.jpg,images/High-04/L0101/ir_after.jpg,1,causal_intervention_high,1,HEW
High-05,102,240,1000,0.08,Zigzag,3.0,images/High-05/L0102/rgb_view1_before.jpg,images/High-05/L0102/rgb_view1_after.jpg,images/High-05/L0102/rgb_view2_before.jpg,images/High-05/L0102/rgb_view2_after.jpg,images/High-05/L0102/ir_before.jpg,images/High-05/L0102/ir_after.jpg,1,unseen_strategy_shift,1,HEW
High-05,105,240,1000,0.08,Zigzag,3.0,images/High-05/L0105/rgb_view1_before.jpg,images/High-05/L0105/rgb_view1_after.jpg,images/High-05/L0105/rgb_view2_before.jpg,images/High-05/L0105/rgb_view2_after.jpg,images/High-05/L0105/ir_before.jpg,images/High-05/L0105/ir_after.jpg,1,unseen_strategy_shift,1,HEW
High-05,106,240,1000,0.08,Zigzag,3.0,images/High-05/L0106/rgb_view1_before.jpg,images/High-05/L0106/rgb_view1_after.jpg,images/High-05/L0106/rgb_view2_before.jpg,images/High-05/L0106/rgb_view2_after.jpg,images/High-05/L0106/ir_before.jpg,images/High-05/L0106/ir_after.jpg,1,unseen_strategy_shift,1,HEW
High-05,107,240,1000,0.08,Zigzag,3.0,images/High-05/L0107/rgb_view1_before.jpg,images/High-05/L0107/rgb_view1_after.jpg,images/High-05/L0107/rgb_view2_before.jpg,images/High-05/L0107/rgb_view2_after.jpg,images/High-05/L0107/ir_before.jpg,images/High-05/L0107/ir_after.jpg,1,unseen_strategy_shift,1,HEW
High-05,108,240,1000,0.08,Zigzag,3.0,images/High-05/L0108/rgb_view1_before.jpg,images/High-05/L0108/rgb_view1_after.jpg,images/High-05/L0108/rgb_view2_before.jpg,images/High-05/L0108/rgb_view2_after.jpg,images/High-05/L0108/ir_before.jpg,images/High-05/L0108/ir_after.jpg,1,unseen_strategy_shift,1,HEW
High-05,109,240,1000,0.08,Zigzag,3.0,images/High-05/L0109/rgb_view1_before.jpg,images/High-05/L0109/rgb_view1_after.jpg,images/High-05/L0109/rgb_view2_before.jpg,images/High-05/L0109/rgb_view2_after.jpg,images/High-05/L0109/ir_before.jpg,images/High-05/L0109/ir_after.jpg,1,unseen_strategy_shift,1,HEW
High-05,110,240,1000,0.08,Zigzag,3.0,images/High-05/L0110/rgb_view1_before.jpg,images/High-05/L0110/rgb_view1_after.jpg,images/High-05/L0110/rgb_view2_before.jpg,images/High-05/L0110/rgb_view2_after.jpg,images/High-05/L0110/ir_before.jpg,images/High-05/L0110/ir_after.jpg,1,unseen_strategy_shift,1,HEW
High-05,111,240,1000,0.08,Zigzag,3.0,images/High-05/L0111/rgb_view1_before.jpg,images/High-05/L0111/rgb_view1_after.jpg,images/High-05/L0111/rgb_view2_before.jpg,images/High-05/L0111/rgb_view2_after.jpg,images/High-05/L0111/ir_before.jpg,images/High-05/L0111/ir_after.jpg,1,unseen_strategy_shift,1,HEW
High-05,112,240,1000,0.08,Zigzag,3.0,images/High-05/L0112/rgb_view1_before.jpg,images/High-05/L0112/rgb_view1_after.jpg,images/High-05/L0112/rgb_view2_before.jpg,images/High-05/L0112/rgb_view2_after.jpg,images/High-05/L0112/ir_before.jpg,images/High-05/L0112/ir_after.jpg,1,unseen_strategy_shift,1,HEW
High-05,113,240,1000,0.08,Zigzag,3.0,images/High-05/L0113/rgb_view1_before.jpg,images/High-05/L0113/rgb_view1_after.jpg,images/High-05/L0113/rgb_view2_before.jpg,images/High-05/L0113/rgb_view2_after.jpg,images/High-05/L0113/ir_before.jpg,images/High-05/L0113/ir_after.jpg,1,unseen_strategy_shift,1,HEW
High-05,114,240,1000,0.08,Zigzag,3.0,images/High-05/L0114/rgb_view1_before.jpg,images/High-05/L0114/rgb_view1_after.jpg,images/High-05/L0114/rgb_view2_before.jpg,images/High-05/L0114/rgb_view2_after.jpg,images/High-05/L0114/ir_before.jpg,images/High-05/L0114/ir_after.jpg,1,unseen_strategy_shift,1,HEW
High-05,115,240,1000,0.08,Zigzag,3.0,images/High-05/L0115/rgb_view1_before.jpg,images/High-05/L0115/rgb_view1_after.jpg,images/High-05/L0115/rgb_view2_before.jpg,images/High-05/L0115/rgb_view2_after.jpg,images/High-05/L0115/ir_before.jpg,images/High-05/L0115/ir_after.jpg,1,unseen_strategy_shift,1,HEW
High-05,116,240,1000,0.08,Zigzag,3.0,images/High-05/L0116/rgb_view1_before.jpg,images/High-05/L0116/rgb_view1_after.jpg,images/High-05/L0116/rgb_view2_before.jpg,images/High-05/L0116/rgb_view2_after.jpg,images/High-05/L0116/ir_before.jpg,images/High-05/L0116/ir_after.jpg,1,unseen_strategy_shift,1,HEW
High-05,117,240,1000,0.08,Zigzag,3.0,images/High-05/L0117/rgb_view1_before.jpg,images/High-05/L0117/rgb_view1_after.jpg,images/High-05/L0117/rgb_view2_before.jpg,images/High-05/L0117/rgb_view2_after.jpg,images/High-05/L0117/ir_before.jpg,images/High-05/L0117/ir_after.jpg,1,unseen_strategy_shift,1,HEW
High-05,118,240,1000,0.08,Zigzag,3.0,images/High-05/L0118/rgb_view1_before.jpg,images/High-05/L0118/rgb_view1_after.jpg,images/High-05/L0118/rgb_view2_before.jpg,images/High-05/L0118/rgb_view2_after.jpg,images/High-05/L0118/ir_before.jpg,images/High-05/L0118/ir_after.jpg,1,unseen_strategy_shift,1,HEW
High-05,119,240,1000,0.08,Zigzag,3.0,images/High-05/L0119/rgb_view1_before.jpg,images/High-05/L0119/rgb_view1_after.jpg,images/High-05/L0119/rgb_view2_before.jpg,images/High-05/L0119/rgb_view2_after.jpg,images/High-05/L0119/ir_before.jpg,images/High-05/L0119/ir_after.jpg,1,unseen_strategy_shift,1,HEW
High-06,120,300,1500,0.08,Zigzag,2.5,images/High-06/L0120/rgb_view1_before.jpg,images/High-06/L0120/rgb_view1_after.jpg,images/High-06/L0120/rgb_view2_before.jpg,images/High-06/L0120/rgb_view2_after.jpg,images/High-06/L0120/ir_before.jpg,images/High-06/L0120/ir_after.jpg,1,unseen_composite_shift,1,HEW
High-06,122,300,1500,0.08,Zigzag,2.5,images/High-06/L0122/rgb_view1_before.jpg,images/High-06/L0122/rgb_view1_after.jpg,images/High-06/L0122/rgb_view2_before.jpg,images/High-06/L0122/rgb_view2_after.jpg,images/High-06/L0122/ir_before.jpg,images/High-06/L0122/ir_after.jpg,1,unseen_composite_shift,1,HEW
High-06,123,300,1500,0.08,Zigzag,2.5,images/High-06/L0123/rgb_view1_before.jpg,images/High-06/L0123/rgb_view1_after.jpg,images/High-06/L0123/rgb_view2_before.jpg,images/High-06/L0123/rgb_view2_after.jpg,images/High-06/L0123/ir_before.jpg,images/High-06/L0123/ir_after.jpg,1,unseen_composite_shift,1,HEW
High-06,124,300,1500,0.08,Zigzag,2.5,images/High-06/L0124/rgb_view1_before.jpg,images/High-06/L0124/rgb_view1_after.jpg,images/High-06/L0124/rgb_view2_before.jpg,images/High-06/L0124/rgb_view2_after.jpg,images/High-06/L0124/ir_before.jpg,images/High-06/L0124/ir_after.jpg,1,unseen_composite_shift,1,HEW
High-06,125,300,1500,0.08,Zigzag,2.5,images/High-06/L0125/rgb_view1_before.jpg,images/High-06/L0125/rgb_view1_after.jpg,images/High-06/L0125/rgb_view2_before.jpg,images/High-06/L0125/rgb_view2_after.jpg,images/High-06/L0125/ir_before.jpg,images/High-06/L0125/ir_after.jpg,1,unseen_composite_shift,1,HEW
High-06,126,300,1500,0.08,Zigzag,2.5,images/High-06/L0126/rgb_view1_before.jpg,images/High-06/L0126/rgb_view1_after.jpg,images/High-06/L0126/rgb_view2_before.jpg,images/High-06/L0126/rgb_view2_after.jpg,images/High-06/L0126/ir_before.jpg,images/High-06/L0126/ir_after.jpg,1,unseen_composite_shift,1,HEW
High-06,127,300,1500,0.08,Zigzag,2.5,images/High-06/L0127/rgb_view1_before.jpg,images/High-06/L0127/rgb_view1_after.jpg,images/High-06/L0127/rgb_view2_before.jpg,images/High-06/L0127/rgb_view2_after.jpg,images/High-06/L0127/ir_before.jpg,images/High-06/L0127/ir_after.jpg,1,unseen_composite_shift,1,HEW
High-06,128,300,1500,0.08,Zigzag,2.5,images/High-06/L0128/rgb_view1_before.jpg,images/High-06/L0128/rgb_view1_after.jpg,images/High-06/L0128/rgb_view2_before.jpg,images/High-06/L0128/rgb_view2_after.jpg,images/High-06/L0128/ir_before.jpg,images/High-06/L0128/ir_after.jpg,1,unseen_composite_shift,1,HEW
High-06,129,300,1500,0.08,Zigzag,2.5,images/High-06/L0129/rgb_view1_before.jpg,images/High-06/L0129/rgb_view1_after.jpg,images/High-06/L0129/rgb_view2_before.jpg,images/High-06/L0129/rgb_view2_after.jpg,images/High-06/L0129/ir_before.jpg,images/High-06/L0129/ir_after.jpg,1,unseen_composite_shift,1,HEW
High-06,130,300,1500,0.08,Zigzag,2.5,images/High-06/L0130/rgb_view1_before.jpg,images/High-06/L0130/rgb_view1_after.jpg,images/High-06/L0130/rgb_view2_before.jpg,images/High-06/L0130/rgb_view2_after.jpg,images/High-06/L0130/ir_before.jpg,images/High-06/L0130/ir_after.jpg,1,unseen_composite_shift,1,HEW
High-06,131,300,1500,0.08,Zigzag,2.5,images/High-06/L0131/rgb_view1_before.jpg,images/High-06/L0131/rgb_view1_after.jpg,images/High-06/L0131/rgb_view2_before.jpg,images/High-06/L0131/rgb_view2_after.jpg,images/High-06/L0131/ir_before.jpg,images/High-06/L0131/ir_after.jpg,1,unseen_composite_shift,1,HEW
High-06,132,300,1500,0.08,Zigzag,2.5,images/High-06/L0132/rgb_view1_before.jpg,images/High-06/L0132/rgb_view1_after.jpg,images/High-06/L0132/rgb_view2_before.jpg,images/High-06/L0132/rgb_view2_after.jpg,images/High-06/L0132/ir_before.jpg,images/High-06/L0132/ir_after.jpg,1,unseen_composite_shift,1,HEW
High-06,133,300,1500,0.08,Zigzag,2.5,images/High-06/L0133/rgb_view1_before.jpg,images/High-06/L0133/rgb_view1_after.jpg,images/High-06/L0133/rgb_view2_before.jpg,images/High-06/L0133/rgb_view2_after.jpg,images/High-06/L0133/ir_before.jpg,images/High-06/L0133/ir_after.jpg,1,unseen_composite_shift,1,HEW
High-06,134,300,1500,0.08,Zigzag,2.5,images/High-06/L0134/rgb_view1_before.jpg,images/High-06/L0134/rgb_view1_after.jpg,images/High-06/L0134/rgb_view2_before.jpg,images/High-06/L0134/rgb_view2_after.jpg,images/High-06/L0134/ir_before.jpg,images/High-06/L0134/ir_after.jpg,1,unseen_composite_shift,1,HEW
High-06,135,300,1500,0.08,Zigzag,2.5,images/High-06/L0135/rgb_view1_before.jpg,images/High-06/L0135/rgb_view1_after.jpg,images/High-06/L0135/rgb_view2_before.jpg,images/High-06/L0135/rgb_view2_after.jpg,images/High-06/L0135/ir_before.jpg,images/High-06/L0135/ir_after.jpg,1,unseen_composite_shift,1,HEW
High-07,136,240,1000,0.05,Stripe,4.8,images/High-07/L0136/rgb_view1_before.jpg,images/High-07/L0136/rgb_view1_after.jpg,images/High-07/L0136/rgb_view2_before.jpg,images/High-07/L0136/rgb_view2_after.jpg,images/High-07/L0136/ir_before.jpg,images/High-07/L0136/ir_after.jpg,1,unseen_texture_shift,0,normal
High-07,137,240,1000,0.05,Stripe,4.8,images/High-07/L0137/rgb_view1_before.jpg,images/High-07/L0137/rgb_view1_after.jpg,images/High-07/L0137/rgb_view2_before.jpg,images/High-07/L0137/rgb_view2_after.jpg,images/High-07/L0137/ir_before.jpg,images/High-07/L0137/ir_after.jpg,1,unseen_texture_shift,0,normal
High-07,141,240,1000,0.05,Stripe,4.8,images/High-07/L0141/rgb_view1_before.jpg,images/High-07/L0141/rgb_view1_after.jpg,images/High-07/L0141/rgb_view2_before.jpg,images/High-07/L0141/rgb_view2_after.jpg,images/High-07/L0141/ir_before.jpg,images/High-07/L0141/ir_after.jpg,1,unseen_texture_shift,0,normal
High-07,143,240,1000,0.05,Stripe,4.8,images/High-07/L0143/rgb_view1_before.jpg,images/High-07/L0143/rgb_view1_after.jpg,images/High-07/L0143/rgb_view2_before.jpg,images/High-07/L0143/rgb_view2_after.jpg,images/High-07/L0143/ir_before.jpg,images/High-07/L0143/ir_after.jpg,1,unseen_texture_shift,0,normal
High-07,144,240,1000,0.05,Stripe,4.8,images/High-07/L0144/rgb_view1_before.jpg,images/High-07/L0144/rgb_view1_after.jpg,images/High-07/L0144/rgb_view2_before.jpg,images/High-07/L0144/rgb_view2_after.jpg,images/High-07/L0144/ir_before.jpg,images/High-07/L0144/ir_after.jpg,1,unseen_texture_shift,0,normal
High-07,145,240,1000,0.05,Stripe,4.8,images/High-07/L0145/rgb_view1_before.jpg,images/High-07/L0145/rgb_view1_after.jpg,images/High-07/L0145/rgb_view2_before.jpg,images/High-07/L0145/rgb_view2_after.jpg,images/High-07/L0145/ir_before.jpg,images/High-07/L0145/ir_after.jpg,1,unseen_texture_shift,0,normal
High-07,150,240,1000,0.05,Stripe,4.8,images/High-07/L0150/rgb_view1_before.jpg,images/High-07/L0150/rgb_view1_after.jpg,images/High-07/L0150/rgb_view2_before.jpg,images/High-07/L0150/rgb_view2_after.jpg,images/High-07/L0150/ir_before.jpg,images/High-07/L0150/ir_after.jpg,1,unseen_texture_shift,0,normal
High-08,151,240,1000,0.1,Stripe,2.4,images/High-08/L0151/rgb_view1_before.jpg,images/High-08/L0151/rgb_view1_after.jpg,images/High-08/L0151/rgb_view2_before.jpg,images/High-08/L0151/rgb_view2_after.jpg,images/High-08/L0151/ir_before.jpg,images/High-08/L0151/ir_after.jpg,1,unseen_texture_shift,0,normal
High-08,152,240,1000,0.1,Stripe,2.4,images/High-08/L0152/rgb_view1_before.jpg,images/High-08/L0152/rgb_view1_after.jpg,images/High-08/L0152/rgb_view2_before.jpg,images/High-08/L0152/rgb_view2_after.jpg,images/High-08/L0152/ir_before.jpg,images/High-08/L0152/ir_after.jpg,1,unseen_texture_shift,0,normal
High-08,153,240,1000,0.1,Stripe,2.4,images/High-08/L0153/rgb_view1_before.jpg,images/High-08/L0153/rgb_view1_after.jpg,images/High-08/L0153/rgb_view2_before.jpg,images/High-08/L0153/rgb_view2_after.jpg,images/High-08/L0153/ir_before.jpg,images/High-08/L0153/ir_after.jpg,1,unseen_texture_shift,0,normal
High-08,154,240,1000,0.1,Stripe,2.4,images/High-08/L0154/rgb_view1_before.jpg,images/High-08/L0154/rgb_view1_after.jpg,images/High-08/L0154/rgb_view2_before.jpg,images/High-08/L0154/rgb_view2_after.jpg,images/High-08/L0154/ir_before.jpg,images/High-08/L0154/ir_after.jpg,1,unseen_texture_shift,0,normal
High-08,157,240,1000,0.1,Stripe,2.4,images/High-08/L0157/rgb_view1_before.jpg,images/High-08/L0157/rgb_view1_after.jpg,images/High-08/L0157/rgb_view2_before.jpg,images/High-08/L0157/rgb_view2_after.jpg,images/High-08/L0157/ir_before.jpg,images/High-08/L0157/ir_after.jpg,1,unseen_texture_shift,0,normal
High-08,158,240,1000,0.1,Stripe,2.4,images/High-08/L0158/rgb_view1_before.jpg,images/High-08/L0158/rgb_view1_after.jpg,images/High-08/L0158/rgb_view2_before.jpg,images/High-08/L0158/rgb_view2_after.jpg,images/High-08/L0158/ir_before.jpg,images/High-08/L0158/ir_after.jpg,1,unseen_texture_shift,0,normal
High-08,159,240,1000,0.1,Stripe,2.4,images/High-08/L0159/rgb_view1_before.jpg,images/High-08/L0159/rgb_view1_after.jpg,images/High-08/L0159/rgb_view2_before.jpg,images/High-08/L0159/rgb_view2_after.jpg,images/High-08/L0159/ir_before.jpg,images/High-08/L0159/ir_after.jpg,1,unseen_texture_shift,0,normal
High-08,160,240,1000,0.1,Stripe,2.4,images/High-08/L0160/rgb_view1_before.jpg,images/High-08/L0160/rgb_view1_after.jpg,images/High-08/L0160/rgb_view2_before.jpg,images/High-08/L0160/rgb_view2_after.jpg,images/High-08/L0160/ir_before.jpg,images/High-08/L0160/ir_after.jpg,1,unseen_texture_shift,0,normal
High-08,161,240,1000,0.1,Stripe,2.4,images/High-08/L0161/rgb_view1_before.jpg,images/High-08/L0161/rgb_view1_after.jpg,images/High-08/L0161/rgb_view2_before.jpg,images/High-08/L0161/rgb_view2_after.jpg,images/High-08/L0161/ir_before.jpg,images/High-08/L0161/ir_after.jpg,1,unseen_texture_shift,0,normal
High-08,162,240,1000,0.1,Stripe,2.4,images/High-08/L0162/rgb_view1_before.jpg,images/High-08/L0162/rgb_view1_after.jpg,images/High-08/L0162/rgb_view2_before.jpg,images/High-08/L0162/rgb_view2_after.jpg,images/High-08/L0162/ir_before.jpg,images/High-08/L0162/ir_after.jpg,1,unseen_texture_shift,0,normal
High-08,163,240,1000,0.1,Stripe,2.4,images/High-08/L0163/rgb_view1_before.jpg,images/High-08/L0163/rgb_view1_after.jpg,images/High-08/L0163/rgb_view2_before.jpg,images/High-08/L0163/rgb_view2_after.jpg,images/High-08/L0163/ir_before.jpg,images/High-08/L0163/ir_after.jpg,1,unseen_texture_shift,0,normal
High-08,164,240,1000,0.1,Stripe,2.4,images/High-08/L0164/rgb_view1_before.jpg,images/High-08/L0164/rgb_view1_after.jpg,images/High-08/L0164/rgb_view2_before.jpg,images/High-08/L0164/rgb_view2_after.jpg,images/High-08/L0164/ir_before.jpg,images/High-08/L0164/ir_after.jpg,1,unseen_texture_shift,0,normal
Low-01,241,100,1000,0.08,Stripe,1.25,images/Low-01/L0241/rgb_view1_before.jpg,images/Low-01/L0241/rgb_view1_after.jpg,images/Low-01/L0241/rgb_view2_before.jpg,images/Low-01/L0241/rgb_view2_after.jpg,images/Low-01/L0241/ir_before.jpg,images/Low-01/L0241/ir_after.jpg,1,causal_intervention_low,0,normal
Low-01,242,100,1000,0.08,Stripe,1.25,images/Low-01/L0242/rgb_view1_before.jpg,images/Low-01/L0242/rgb_view1_after.jpg,images/Low-01/L0242/rgb_view2_before.jpg,images/Low-01/L0242/rgb_view2_after.jpg,images/Low-01/L0242/ir_before.jpg,images/Low-01/L0242/ir_after.jpg,1,causal_intervention_low,0,normal
Low-01,243,100,1000,0.08,Stripe,1.25,images/Low-01/L0243/rgb_view1_before.jpg,images/Low-01/L0243/rgb_view1_after.jpg,images/Low-01/L0243/rgb_view2_before.jpg,images/Low-01/L0243/rgb_view2_after.jpg,images/Low-01/L0243/ir_before.jpg,images/Low-01/L0243/ir_after.jpg,1,causal_intervention_low,0,normal
Low-01,244,100,1000,0.08,Stripe,1.25,images/Low-01/L0244/rgb_view1_before.jpg,images/Low-01/L0244/rgb_view1_after.jpg,images/Low-01/L0244/rgb_view2_before.jpg,images/Low-01/L0244/rgb_view2_after.jpg,images/Low-01/L0244/ir_before.jpg,images/Low-01/L0244/ir_after.jpg,1,causal_intervention_low,0,normal
Low-01,246,100,1000,0.08,Stripe,1.25,images/Low-01/L0246/rgb_view1_before.jpg,images/Low-01/L0246/rgb_view1_after.jpg,images/Low-01/L0246/rgb_view2_before.jpg,images/Low-01/L0246/rgb_view2_after.jpg,images/Low-01/L0246/ir_before.jpg,images/Low-01/L0246/ir_after.jpg,1,causal_intervention_low,0,normal
Low-01,247,100,1000,0.08,Stripe,1.25,images/Low-01/L0247/rgb_view1_before.jpg,images/Low-01/L0247/rgb_view1_after.jpg,images/Low-01/L0247/rgb_view2_before.jpg,images/Low-01/L0247/rgb_view2_after.jpg,images/Low-01/L0247/ir_before.jpg,images/Low-01/L0247/ir_after.jpg,1,causal_intervention_low,0,normal
Low-01,249,100,1000,0.08,Stripe,1.25,images/Low-01/L0249/rgb_view1_before.jpg,images/Low-01/L0249/rgb_view1_after.jpg,images/Low-01/L0249/rgb_view2_before.jpg,images/Low-01/L0249/rgb_view2_after.jpg,images/Low-01/L0249/ir_before.jpg,images/Low-01/L0249/ir_after.jpg,1,causal_intervention_low,0,normal
Low-01,250,100,1000,0.08,Stripe,1.25,images/Low-01/L0250/rgb_view1_before.jpg,images/Low-01/L0250/rgb_view1_after.jpg,images/Low-01/L0250/rgb_view2_before.jpg,images/Low-01/L0250/rgb_view2_after.jpg,images/Low-01/L0250/ir_before.jpg,images/Low-01/L0250/ir_after.jpg,1,causal_intervention_low,0,normal
Low-01,251,100,1000,0.08,Stripe,1.25,images/Low-01/L0251/rgb_view1_before.jpg,images/Low-01/L0251/rgb_view1_after.jpg,images/Low-01/L0251/rgb_view2_before.jpg,images/Low-01/L0251/rgb_view2_after.jpg,images/Low-01/L0251/ir_before.jpg,images/Low-01/L0251/ir_after.jpg,1,causal_intervention_low,0,normal
Low-01,253,100,1000,0.08,Stripe,1.25,images/Low-01/L0253/rgb_view1_before.jpg,images/Low-01/L0253/rgb_view1_after.jpg,images/Low-01/L0253/rgb_view2_before.jpg,images/Low-01/L0253/rgb_view2_after.jpg,images/Low-01/L0253/ir_before.jpg,images/Low-01/L0253/ir_after.jpg,1,causal_intervention_low,0,normal
Low-01,254,100,1000,0.08,Stripe,1.25,images/Low-01/L0254/rgb_view1_before.jpg,images/Low-01/L0254/rgb_view1_after.jpg,images/Low-01/L0254/rgb_view2_before.jpg,images/Low-01/L0254/rgb_view2_after.jpg,images/Low-01/L0254/ir_before.jpg,images/Low-01/L0254/ir_after.jpg,1,causal_intervention_low,0,normal
Low-02,256,85,1000,0.08,Stripe,1.06,images/Low-02/L0256/rgb_view1_before.jpg,images/Low-02/L0256/rgb_view1_after.jpg,images/Low-02/L0256/rgb_view2_before.jpg,images/Low-02/L0256/rgb_view2_after.jpg,images/Low-02/L0256/ir_before.jpg,images/Low-02/L0256/ir_after.jpg,1,causal_intervention_low,1,LEL
Low-02,257,85,1000,0.08,Stripe,1.06,images/Low-02/L0257/rgb_view1_before.jpg,images/Low-02/L0257/rgb_view1_after.jpg,images/Low-02/L0257/rgb_view2_before.jpg,images/Low-02/L0257/rgb_view2_after.jpg,images/Low-02/L0257/ir_before.jpg,images/Low-02/L0257/ir_after.jpg,1,causal_intervention_low,1,LEL
Low-02,258,85,1000,0.08,Stripe,1.06,images/Low-02/L0258/rgb_view1_before.jpg,images/Low-02/L0258/rgb_view1_after.jpg,images/Low-02/L0258/rgb_view2_before.jpg,images/Low-02/L0258/rgb_view2_after.jpg,images/Low-02/L0258/ir_before.jpg,images/Low-02/L0258/ir_after.jpg,1,causal_intervention_low,1,LEL
Low-02,260,85,1000,0.08,Stripe,1.06,images/Low-02/L0260/rgb_view1_before.jpg,images/Low-02/L0260/rgb_view1_after.jpg,images/Low-02/L0260/rgb_view2_before.jpg,images/Low-02/L0260/rgb_view2_after.jpg,images/Low-02/L0260/ir_before.jpg,images/Low-02/L0260/ir_after.jpg,1,causal_intervention_low,1,LEL
Low-02,262,85,1000,0.08,Stripe,1.06,images/Low-02/L0262/rgb_view1_before.jpg,images/Low-02/L0262/rgb_view1_after.jpg,images/Low-02/L0262/rgb_view2_before.jpg,images/Low-02/L0262/rgb_view2_after.jpg,images/Low-02/L0262/ir_before.jpg,images/Low-02/L0262/ir_after.jpg,1,causal_intervention_low,1,LEL
Low-02,263,85,1000,0.08,Stripe,1.06,images/Low-02/L0263/rgb_view1_before.jpg,images/Low-02/L0263/rgb_view1_after.jpg,images/Low-02/L0263/rgb_view2_before.jpg,images/Low-02/L0263/rgb_view2_after.jpg,images/Low-02/L0263/ir_before.jpg,images/Low-02/L0263/ir_after.jpg,1,causal_intervention_low,1,LEL
Low-02,264,85,1000,0.08,Stripe,1.06,images/Low-02/L0264/rgb_view1_before.jpg,images/Low-02/L0264/rgb_view1_after.jpg,images/Low-02/L0264/rgb_view2_before.jpg,images/Low-02/L0264/rgb_view2_after.jpg,images/Low-02/L0264/ir_before.jpg,images/Low-02/L0264/ir_after.jpg,1,causal_intervention_low,1,LEL
Low-02,265,85,1000,0.08,Stripe,1.06,images/Low-02/L0265/rgb_view1_before.jpg,images/Low-02/L0265/rgb_view1_after.jpg,images/Low-02/L0265/rgb_view2_before.jpg,images/Low-02/L0265/rgb_view2_after.jpg,images/Low-02/L0265/ir_before.jpg,images/Low-02/L0265/ir_after.jpg,1,causal_intervention_low,1,LEL
Low-02,266,85,1000,0.08,Stripe,1.06,images/Low-02/L0266/rgb_view1_before.jpg,images/Low-02/L0266/rgb_view1_after.jpg,images/Low-02/L0266/rgb_view2_before.jpg,images/Low-02/L0266/rgb_view2_after.jpg,images/Low-02/L0266/ir_before.jpg,images/Low-02/L0266/ir_after.jpg,1,causal_intervention_low,1,LEL
Low-02,267,85,1000,0.08,Stripe,1.06,images/Low-02/L0267/rgb_view1_before.jpg,images/Low-02/L0267/rgb_view1_after.jpg,images/Low-02/L0267/rgb_view2_before.jpg,images/Low-02/L0267/rgb_view2_after.jpg,images/Low-02/L0267/ir_before.jpg,images/Low-02/L0267/ir_after.jpg,1,causal_intervention_low,1,LEL
Low-02,268,85,1000,0.08,Stripe,1.06,images/Low-02/L0268/rgb_view1_before.jpg,images/Low-02/L0268/rgb_view1_after.jpg,images/Low-02/L0268/rgb_view2_before.jpg,images/Low-02/L0268/rgb_view2_after.jpg,images/Low-02/L0268/ir_before.jpg,images/Low-02/L0268/ir_after.jpg,1,causal_intervention_low,1,LEL
Low-02,269,85,1000,0.08,Stripe,1.06,images/Low-02/L0269/rgb_view1_before.jpg,images/Low-02/L0269/rgb_view1_after.jpg,images/Low-02/L0269/rgb_view2_before.jpg,images/Low-02/L0269/rgb_view2_after.jpg,images/Low-02/L0269/ir_before.jpg,images/Low-02/L0269/ir_after.jpg,1,causal_intervention_low,1,LEL
Low-02,270,85,1000,0.08,Stripe,1.06,images/Low-02/L0270/rgb_view1_before.jpg,images/Low-02/L0270/rgb_view1_after.jpg,images/Low-02/L0270/rgb_view2_before.jpg,images/Low-02/L0270/rgb_view2_after.jpg,images/Low-02/L0270/ir_before.jpg,images/Low-02/L0270/ir_after.jpg,1,causal_intervention_low,1,LEL
Low-02,271,85,1000,0.08,Stripe,1.06,images/Low-02/L0271/rgb_view1_before.jpg,images/Low-02/L0271/rgb_view1_after.jpg,images/Low-02/L0271/rgb_view2_before.jpg,images/Low-02/L0271/rgb_view2_after.jpg,images/Low-02/L0271/ir_before.jpg,images/Low-02/L0271/ir_after.jpg,1,causal_intervention_low,1,LEL
Low-02,272,85,1000,0.08,Stripe,1.06,images/Low-02/L0272/rgb_view1_before.jpg,images/Low-02/L0272/rgb_view1_after.jpg,images/Low-02/L0272/rgb_view2_before.jpg,images/Low-02/L0272/rgb_view2_after.jpg,images/Low-02/L0272/ir_before.jpg,images/Low-02/L0272/ir_after.jpg,1,causal_intervention_low,1,LEL
Low-03-2,322,70,1000,0.08,Stripe,0.88,images/Low-03-2/L0322/rgb_view1_before.jpg,images/Low-03-2/L0322/rgb_view1_after.jpg,images/Low-03-2/L0322/rgb_view2_before.jpg,images/Low-03-2/L0322/rgb_view2_after.jpg,images/Low-03-2/L0322/ir_before.jpg,images/Low-03-2/L0322/ir_after.jpg,2,causal_intervention_low,1,LEL
Low-03-2,323,70,1000,0.08,Stripe,0.88,images/Low-03-2/L0323/rgb_view1_before.jpg,images/Low-03-2/L0323/rgb_view1_after.jpg,images/Low-03-2/L0323/rgb_view2_before.jpg,images/Low-03-2/L0323/rgb_view2_after.jpg,images/Low-03-2/L0323/ir_before.jpg,images/Low-03-2/L0323/ir_after.jpg,2,causal_intervention_low,1,LEL
Low-03-2,324,70,1000,0.08,Stripe,0.88,images/Low-03-2/L0324/rgb_view1_before.jpg,images/Low-03-2/L0324/rgb_view1_after.jpg,images/Low-03-2/L0324/rgb_view2_before.jpg,images/Low-03-2/L0324/rgb_view2_after.jpg,images/Low-03-2/L0324/ir_before.jpg,images/Low-03-2/L0324/ir_after.jpg,2,causal_intervention_low,1,LEL
Low-03-2,325,70,1000,0.08,Stripe,0.88,images/Low-03-2/L0325/rgb_view1_before.jpg,images/Low-03-2/L0325/rgb_view1_after.jpg,images/Low-03-2/L0325/rgb_view2_before.jpg,images/Low-03-2/L0325/rgb_view2_after.jpg,images/Low-03-2/L0325/ir_before.jpg,images/Low-03-2/L0325/ir_after.jpg,2,causal_intervention_low,1,LEL
Low-03-2,328,70,1000,0.08,Stripe,0.88,images/Low-03-2/L0328/rgb_view1_before.jpg,images/Low-03-2/L0328/rgb_view1_after.jpg,images/Low-03-2/L0328/rgb_view2_before.jpg,images/Low-03-2/L0328/rgb_view2_after.jpg,images/Low-03-2/L0328/ir_before.jpg,images/Low-03-2/L0328/ir_after.jpg,2,causal_intervention_low,1,LEL
Low-03-2,329,70,1000,0.08,Stripe,0.88,images/Low-03-2/L0329/rgb_view1_before.jpg,images/Low-03-2/L0329/rgb_view1_after.jpg,images/Low-03-2/L0329/rgb_view2_before.jpg,images/Low-03-2/L0329/rgb_view2_after.jpg,images/Low-03-2/L0329/ir_before.jpg,images/Low-03-2/L0329/ir_after.jpg,2,causal_intervention_low,1,LEL
Low-03-2,330,70,1000,0.08,Stripe,0.88,images/Low-03-2/L0330/rgb_view1_before.jpg,images/Low-03-2/L0330/rgb_view1_after.jpg,images/Low-03-2/L0330/rgb_view2_before.jpg,images/Low-03-2/L0330/rgb_view2_after.jpg,images/Low-03-2/L0330/ir_before.jpg,images/Low-03-2/L0330/ir_after.jpg,2,causal_intervention_low,1,LEL
Low-03-2,331,70,1000,0.08,Stripe,0.88,images/Low-03-2/L0331/rgb_view1_before.jpg,images/Low-03-2/L0331/rgb_view1_after.jpg,images/Low-03-2/L0331/rgb_view2_before.jpg,images/Low-03-2/L0331/rgb_view2_after.jpg,images/Low-03-2/L0331/ir_before.jpg,images/Low-03-2/L0331/ir_after.jpg,2,causal_intervention_low,1,LEL
Low-03-2,332,70,1000,0.08,Stripe,0.88,images/Low-03-2/L0332/rgb_view1_before.jpg,images/Low-03-2/L0332/rgb_view1_after.jpg,images/Low-03-2/L0332/rgb_view2_before.jpg,images/Low-03-2/L0332/rgb_view2_after.jpg,images/Low-03-2/L0332/ir_before.jpg,images/Low-03-2/L0332/ir_after.jpg,2,causal_intervention_low,1,LEL
Low-03-2,333,70,1000,0.08,Stripe,0.88,images/Low-03-2/L0333/rgb_view1_before.jpg,images/Low-03-2/L0333/rgb_view1_after.jpg,images/Low-03-2/L0333/rgb_view2_before.jpg,images/Low-03-2/L0333/rgb_view2_after.jpg,images/Low-03-2/L0333/ir_before.jpg,images/Low-03-2/L0333/ir_after.jpg,2,causal_intervention_low,1,LEL
Low-03-2,334,70,1000,0.08,Stripe,0.88,images/Low-03-2/L0334/rgb_view1_before.jpg,images/Low-03-2/L0334/rgb_view1_after.jpg,images/Low-03-2/L0334/rgb_view2_before.jpg,images/Low-03-2/L0334/rgb_view2_after.jpg,images/Low-03-2/L0334/ir_before.jpg,images/Low-03-2/L0334/ir_after.jpg,2,causal_intervention_low,1,LEL
Low-03-2,335,70,1000,0.08,Stripe,0.88,images/Low-03-2/L0335/rgb_view1_before.jpg,images/Low-03-2/L0335/rgb_view1_after.jpg,images/Low-03-2/L0335/rgb_view2_before.jpg,images/Low-03-2/L0335/rgb_view2_after.jpg,images/Low-03-2/L0335/ir_before.jpg,images/Low-03-2/L0335/ir_after.jpg,2,causal_intervention_low,1,LEL
Low-03-2,336,70,1000,0.08,Stripe,0.88,images/Low-03-2/L0336/rgb_view1_before.jpg,images/Low-03-2/L0336/rgb_view1_after.jpg,images/Low-03-2/L0336/rgb_view2_before.jpg,images/Low-03-2/L0336/rgb_view2_after.jpg,images/Low-03-2/L0336/ir_before.jpg,images/Low-03-2/L0336/ir_after.jpg,2,causal_intervention_low,1,LEL
Low-03-2,338,70,1000,0.08,Stripe,0.88,images/Low-03-2/L0338/rgb_view1_before.jpg,images/Low-03-2/L0338/rgb_view1_after.jpg,images/Low-03-2/L0338/rgb_view2_before.jpg,images/Low-03-2/L0338/rgb_view2_after.jpg,images/Low-03-2/L0338/ir_before.jpg,images/Low-03-2/L0338/ir_after.jpg,2,causal_intervention_low,1,LEL
Low-03,273,70,1000,0.08,Stripe,0.88,images/Low-03/L0273/rgb_view1_before.jpg,images/Low-03/L0273/rgb_view1_after.jpg,images/Low-03/L0273/rgb_view2_before.jpg,images/Low-03/L0273/rgb_view2_after.jpg,images/Low-03/L0273/ir_before.jpg,images/Low-03/L0273/ir_after.jpg,1,causal_intervention_low,1,LEL
Low-03,274,70,1000,0.08,Stripe,0.88,images/Low-03/L0274/rgb_view1_before.jpg,images/Low-03/L0274/rgb_view1_after.jpg,images/Low-03/L0274/rgb_view2_before.jpg,images/Low-03/L0274/rgb_view2_after.jpg,images/Low-03/L0274/ir_before.jpg,images/Low-03/L0274/ir_after.jpg,1,causal_intervention_low,1,LEL
Low-03,275,70,1000,0.08,Stripe,0.88,images/Low-03/L0275/rgb_view1_before.jpg,images/Low-03/L0275/rgb_view1_after.jpg,images/Low-03/L0275/rgb_view2_before.jpg,images/Low-03/L0275/rgb_view2_after.jpg,images/Low-03/L0275/ir_before.jpg,images/Low-03/L0275/ir_after.jpg,1,causal_intervention_low,1,LEL
Low-03,276,70,1000,0.08,Stripe,0.88,images/Low-03/L0276/rgb_view1_before.jpg,images/Low-03/L0276/rgb_view1_after.jpg,images/Low-03/L0276/rgb_view2_before.jpg,images/Low-03/L0276/rgb_view2_after.jpg,images/Low-03/L0276/ir_before.jpg,images/Low-03/L0276/ir_after.jpg,1,causal_intervention_low,1,LEL
Low-03,277,70,1000,0.08,Stripe,0.88,images/Low-03/L0277/rgb_view1_before.jpg,images/Low-03/L0277/rgb_view1_after.jpg,images/Low-03/L0277/rgb_view2_before.jpg,images/Low-03/L0277/rgb_view2_after.jpg,images/Low-03/L0277/ir_before.jpg,images/Low-03/L0277/ir_after.jpg,1,causal_intervention_low,1,LEL
Low-03,278,70,1000,0.08,Stripe,0.88,images/Low-03/L0278/rgb_view1_before.jpg,images/Low-03/L0278/rgb_view1_after.jpg,images/Low-03/L0278/rgb_view2_before.jpg,images/Low-03/L0278/rgb_view2_after.jpg,images/Low-03/L0278/ir_before.jpg,images/Low-03/L0278/ir_after.jpg,1,causal_intervention_low,1,LEL
Low-03,279,70,1000,0.08,Stripe,0.88,images/Low-03/L0279/rgb_view1_before.jpg,images/Low-03/L0279/rgb_view1_after.jpg,images/Low-03/L0279/rgb_view2_before.jpg,images/Low-03/L0279/rgb_view2_after.jpg,images/Low-03/L0279/ir_before.jpg,images/Low-03/L0279/ir_after.jpg,1,causal_intervention_low,1,LEL
Low-03,280,70,1000,0.08,Stripe,0.88,images/Low-03/L0280/rgb_view1_before.jpg,images/Low-03/L0280/rgb_view1_after.jpg,images/Low-03/L0280/rgb_view2_before.jpg,images/Low-03/L0280/rgb_view2_after.jpg,images/Low-03/L0280/ir_before.jpg,images/Low-03/L0280/ir_after.jpg,1,causal_intervention_low,1,LEL
Low-03,281,70,1000,0.08,Stripe,0.88,images/Low-03/L0281/rgb_view1_before.jpg,images/Low-03/L0281/rgb_view1_after.jpg,images/Low-03/L0281/rgb_view2_before.jpg,images/Low-03/L0281/rgb_view2_after.jpg,images/Low-03/L0281/ir_before.jpg,images/Low-03/L0281/ir_after.jpg,1,causal_intervention_low,1,LEL
Low-03,282,70,1000,0.08,Stripe,0.88,images/Low-03/L0282/rgb_view1_before.jpg,images/Low-03/L0282/rgb_view1_after.jpg,images/Low-03/L0282/rgb_view2_before.jpg,images/Low-03/L0282/rgb_view2_after.jpg,images/Low-03/L0282/ir_before.jpg,images/Low-03/L0282/ir_after.jpg,1,causal_intervention_low,1,LEL
Low-03,283,70,1000,0.08,Stripe,0.88,images/Low-03/L0283/rgb_view1_before.jpg,images/Low-03/L0283/rgb_view1_after.jpg,images/Low-03/L0283/rgb_view2_before.jpg,images/Low-03/L0283/rgb_view2_after.jpg,images/Low-03/L0283/ir_before.jpg,images/Low-03/L0283/ir_after.jpg,1,causal_intervention_low,1,LEL
Low-03,284,70,1000,0.08,Stripe,0.88,images/Low-03/L0284/rgb_view1_before.jpg,images/Low-03/L0284/rgb_view1_after.jpg,images/Low-03/L0284/rgb_view2_before.jpg,images/Low-03/L0284/rgb_view2_after.jpg,images/Low-03/L0284/ir_before.jpg,images/Low-03/L0284/ir_after.jpg,1,causal_intervention_low,1,LEL
Low-03,285,70,1000,0.08,Stripe,0.88,images/Low-03/L0285/rgb_view1_before.jpg,images/Low-03/L0285/rgb_view1_after.jpg,images/Low-03/L0285/rgb_view2_before.jpg,images/Low-03/L0285/rgb_view2_after.jpg,images/Low-03/L0285/ir_before.jpg,images/Low-03/L0285/ir_after.jpg,1,causal_intervention_low,1,LEL
Low-03,286,70,1000,0.08,Stripe,0.88,images/Low-03/L0286/rgb_view1_before.jpg,images/Low-03/L0286/rgb_view1_after.jpg,images/Low-03/L0286/rgb_view2_before.jpg,images/Low-03/L0286/rgb_view2_after.jpg,images/Low-03/L0286/ir_before.jpg,images/Low-03/L0286/ir_after.jpg,1,causal_intervention_low,1,LEL
Low-03,287,70,1000,0.08,Stripe,0.88,images/Low-03/L0287/rgb_view1_before.jpg,images/Low-03/L0287/rgb_view1_after.jpg,images/Low-03/L0287/rgb_view2_before.jpg,images/Low-03/L0287/rgb_view2_after.jpg,images/Low-03/L0287/ir_before.jpg,images/Low-03/L0287/ir_after.jpg,1,causal_intervention_low,1,LEL
Low-03,288,70,1000,0.08,Stripe,0.88,images/Low-03/L0288/rgb_view1_before.jpg,images/Low-03/L0288/rgb_view1_after.jpg,images/Low-03/L0288/rgb_view2_before.jpg,images/Low-03/L0288/rgb_view2_after.jpg,images/Low-03/L0288/ir_before.jpg,images/Low-03/L0288/ir_after.jpg,1,causal_intervention_low,1,LEL
Low-03,289,70,1000,0.08,Stripe,0.88,images/Low-03/L0289/rgb_view1_before.jpg,images/Low-03/L0289/rgb_view1_after.jpg,images/Low-03/L0289/rgb_view2_before.jpg,images/Low-03/L0289/rgb_view2_after.jpg,images/Low-03/L0289/ir_before.jpg,images/Low-03/L0289/ir_after.jpg,1,causal_intervention_low,1,LEL
Low-03,290,70,1000,0.08,Stripe,0.88,images/Low-03/L0290/rgb_view1_before.jpg,images/Low-03/L0290/rgb_view1_after.jpg,images/Low-03/L0290/rgb_view2_before.jpg,images/Low-03/L0290/rgb_view2_after.jpg,images/Low-03/L0290/ir_before.jpg,images/Low-03/L0290/ir_after.jpg,1,causal_intervention_low,1,LEL
Low-03,291,70,1000,0.08,Stripe,0.88,images/Low-03/L0291/rgb_view1_before.jpg,images/Low-03/L0291/rgb_view1_after.jpg,images/Low-03/L0291/rgb_view2_before.jpg,images/Low-03/L0291/rgb_view2_after.jpg,images/Low-03/L0291/ir_before.jpg,images/Low-03/L0291/ir_after.jpg,1,causal_intervention_low,1,LEL
Low-03,292,70,1000,0.08,Stripe,0.88,images/Low-03/L0292/rgb_view1_before.jpg,images/Low-03/L0292/rgb_view1_after.jpg,images/Low-03/L0292/rgb_view2_before.jpg,images/Low-03/L0292/rgb_view2_after.jpg,images/Low-03/L0292/ir_before.jpg,images/Low-03/L0292/ir_after.jpg,1,causal_intervention_low,1,LEL
Low-03,294,70,1000,0.08,Stripe,0.88,images/Low-03/L0294/rgb_view1_before.jpg,images/Low-03/L0294/rgb_view1_after.jpg,images/Low-03/L0294/rgb_view2_before.jpg,images/Low-03/L0294/rgb_view2_after.jpg,images/Low-03/L0294/ir_before.jpg,images/Low-03/L0294/ir_after.jpg,1,causal_intervention_low,1,LEL
Low-03,295,70,1000,0.08,Stripe,0.88,images/Low-03/L0295/rgb_view1_before.jpg,images/Low-03/L0295/rgb_view1_after.jpg,images/Low-03/L0295/rgb_view2_before.jpg,images/Low-03/L0295/rgb_view2_after.jpg,images/Low-03/L0295/ir_before.jpg,images/Low-03/L0295/ir_after.jpg,1,causal_intervention_low,1,LEL
Low-03,296,70,1000,0.08,Stripe,0.88,images/Low-03/L0296/rgb_view1_before.jpg,images/Low-03/L0296/rgb_view1_after.jpg,images/Low-03/L0296/rgb_view2_before.jpg,images/Low-03/L0296/rgb_view2_after.jpg,images/Low-03/L0296/ir_before.jpg,images/Low-03/L0296/ir_after.jpg,1,causal_intervention_low,1,LEL
Low-03,297,70,1000,0.08,Stripe,0.88,images/Low-03/L0297/rgb_view1_before.jpg,images/Low-03/L0297/rgb_view1_after.jpg,images/Low-03/L0297/rgb_view2_before.jpg,images/Low-03/L0297/rgb_view2_after.jpg,images/Low-03/L0297/ir_before.jpg,images/Low-03/L0297/ir_after.jpg,1,causal_intervention_low,1,LEL
Low-03,300,70,1000,0.08,Stripe,0.88,images/Low-03/L0300/rgb_view1_before.jpg,images/Low-03/L0300/rgb_view1_after.jpg,images/Low-03/L0300/rgb_view2_before.jpg,images/Low-03/L0300/rgb_view2_after.jpg,images/Low-03/L0300/ir_before.jpg,images/Low-03/L0300/ir_after.jpg,1,causal_intervention_low,1,LEL
Low-04,381,55,1000,0.08,Stripe,0.69,images/Low-04/L0381/rgb_view1_before.jpg,images/Low-04/L0381/rgb_view1_after.jpg,images/Low-04/L0381/rgb_view2_before.jpg,images/Low-04/L0381/rgb_view2_after.jpg,images/Low-04/L0381/ir_before.jpg,images/Low-04/L0381/ir_after.jpg,1,causal_intervention_low,1,LEL
Low-04,382,55,1000,0.08,Stripe,0.69,images/Low-04/L0382/rgb_view1_before.jpg,images/Low-04/L0382/rgb_view1_after.jpg,images/Low-04/L0382/rgb_view2_before.jpg,images/Low-04/L0382/rgb_view2_after.jpg,images/Low-04/L0382/ir_before.jpg,images/Low-04/L0382/ir_after.jpg,1,causal_intervention_low,1,LEL
Low-04,383,55,1000,0.08,Stripe,0.69,images/Low-04/L0383/rgb_view1_before.jpg,images/Low-04/L0383/rgb_view1_after.jpg,images/Low-04/L0383/rgb_view2_before.jpg,images/Low-04/L0383/rgb_view2_after.jpg,images/Low-04/L0383/ir_before.jpg,images/Low-04/L0383/ir_after.jpg,1,causal_intervention_low,1,LEL
Low-04,385,55,1000,0.08,Stripe,0.69,images/Low-04/L0385/rgb_view1_before.jpg,images/Low-04/L0385/rgb_view1_after.jpg,images/Low-04/L0385/rgb_view2_before.jpg,images/Low-04/L0385/rgb_view2_after.jpg,images/Low-04/L0385/ir_before.jpg,images/Low-04/L0385/ir_after.jpg,1,causal_intervention_low,1,LEL
Low-04,386,55,1000,0.08,Stripe,0.69,images/Low-04/L0386/rgb_view1_before.jpg,images/Low-04/L0386/rgb_view1_after.jpg,images/Low-04/L0386/rgb_view2_before.jpg,images/Low-04/L0386/rgb_view2_after.jpg,images/Low-04/L0386/ir_before.jpg,images/Low-04/L0386/ir_after.jpg,1,causal_intervention_low,1,LEL
Low-04,387,55,1000,0.08,Stripe,0.69,images/Low-04/L0387/rgb_view1_before.jpg,images/Low-04/L0387/rgb_view1_after.jpg,images/Low-04/L0387/rgb_view2_before.jpg,images/Low-04/L0387/rgb_view2_after.jpg,images/Low-04/L0387/ir_before.jpg,images/Low-04/L0387/ir_after.jpg,1,causal_intervention_low,1,LEL
Low-04,388,55,1000,0.08,Stripe,0.69,images/Low-04/L0388/rgb_view1_before.jpg,images/Low-04/L0388/rgb_view1_after.jpg,images/Low-04/L0388/rgb_view2_before.jpg,images/Low-04/L0388/rgb_view2_after.jpg,images/Low-04/L0388/ir_before.jpg,images/Low-04/L0388/ir_after.jpg,1,causal_intervention_low,1,LEL
Low-04,389,55,1000,0.08,Stripe,0.69,images/Low-04/L0389/rgb_view1_before.jpg,images/Low-04/L0389/rgb_view1_after.jpg,images/Low-04/L0389/rgb_view2_before.jpg,images/Low-04/L0389/rgb_view2_after.jpg,images/Low-04/L0389/ir_before.jpg,images/Low-04/L0389/ir_after.jpg,1,causal_intervention_low,1,LEL
Low-04,390,55,1000,0.08,Stripe,0.69,images/Low-04/L0390/rgb_view1_before.jpg,images/Low-04/L0390/rgb_view1_after.jpg,images/Low-04/L0390/rgb_view2_before.jpg,images/Low-04/L0390/rgb_view2_after.jpg,images/Low-04/L0390/ir_before.jpg,images/Low-04/L0390/ir_after.jpg,1,causal_intervention_low,1,LEL
Low-04,391,55,1000,0.08,Stripe,0.69,images/Low-04/L0391/rgb_view1_before.jpg,images/Low-04/L0391/rgb_view1_after.jpg,images/Low-04/L0391/rgb_view2_before.jpg,images/Low-04/L0391/rgb_view2_after.jpg,images/Low-04/L0391/ir_before.jpg,images/Low-04/L0391/ir_after.jpg,1,causal_intervention_low,1,LEL
Low-04,392,55,1000,0.08,Stripe,0.69,images/Low-04/L0392/rgb_view1_before.jpg,images/Low-04/L0392/rgb_view1_after.jpg,images/Low-04/L0392/rgb_view2_before.jpg,images/Low-04/L0392/rgb_view2_after.jpg,images/Low-04/L0392/ir_before.jpg,images/Low-04/L0392/ir_after.jpg,1,causal_intervention_low,1,LEL
Low-04,393,55,1000,0.08,Stripe,0.69,images/Low-04/L0393/rgb_view1_before.jpg,images/Low-04/L0393/rgb_view1_after.jpg,images/Low-04/L0393/rgb_view2_before.jpg,images/Low-04/L0393/rgb_view2_after.jpg,images/Low-04/L0393/ir_before.jpg,images/Low-04/L0393/ir_after.jpg,1,causal_intervention_low,1,LEL
Low-04,394,55,1000,0.08,Stripe,0.69,images/Low-04/L0394/rgb_view1_before.jpg,images/Low-04/L0394/rgb_view1_after.jpg,images/Low-04/L0394/rgb_view2_before.jpg,images/Low-04/L0394/rgb_view2_after.jpg,images/Low-04/L0394/ir_before.jpg,images/Low-04/L0394/ir_after.jpg,1,causal_intervention_low,1,LEL
Low-04,395,55,1000,0.08,Stripe,0.69,images/Low-04/L0395/rgb_view1_before.jpg,images/Low-04/L0395/rgb_view1_after.jpg,images/Low-04/L0395/rgb_view2_before.jpg,images/Low-04/L0395/rgb_view2_after.jpg,images/Low-04/L0395/ir_before.jpg,images/Low-04/L0395/ir_after.jpg,1,causal_intervention_low,1,LEL
Low-04,398,55,1000,0.08,Stripe,0.69,images/Low-04/L0398/rgb_view1_before.jpg,images/Low-04/L0398/rgb_view1_after.jpg,images/Low-04/L0398/rgb_view2_before.jpg,images/Low-04/L0398/rgb_view2_after.jpg,images/Low-04/L0398/ir_before.jpg,images/Low-04/L0398/ir_after.jpg,1,causal_intervention_low,1,LEL
Low-04,399,55,1000,0.08,Stripe,0.69,images/Low-04/L0399/rgb_view1_before.jpg,images/Low-04/L0399/rgb_view1_after.jpg,images/Low-04/L0399/rgb_view2_before.jpg,images/Low-04/L0399/rgb_view2_after.jpg,images/Low-04/L0399/ir_before.jpg,images/Low-04/L0399/ir_after.jpg,1,causal_intervention_low,1,LEL
Low-04,402,55,1000,0.08,Stripe,0.69,images/Low-04/L0402/rgb_view1_before.jpg,images/Low-04/L0402/rgb_view1_after.jpg,images/Low-04/L0402/rgb_view2_before.jpg,images/Low-04/L0402/rgb_view2_after.jpg,images/Low-04/L0402/ir_before.jpg,images/Low-04/L0402/ir_after.jpg,1,causal_intervention_low,1,LEL
Low-04,403,55,1000,0.08,Stripe,0.69,images/Low-04/L0403/rgb_view1_before.jpg,images/Low-04/L0403/rgb_view1_after.jpg,images/Low-04/L0403/rgb_view2_before.jpg,images/Low-04/L0403/rgb_view2_after.jpg,images/Low-04/L0403/ir_before.jpg,images/Low-04/L0403/ir_after.jpg,1,causal_intervention_low,1,LEL
Low-04,405,55,1000,0.08,Stripe,0.69,images/Low-04/L0405/rgb_view1_before.jpg,images/Low-04/L0405/rgb_view1_after.jpg,images/Low-04/L0405/rgb_view2_before.jpg,images/Low-04/L0405/rgb_view2_after.jpg,images/Low-04/L0405/ir_before.jpg,images/Low-04/L0405/ir_after.jpg,1,causal_intervention_low,1,LEL
Low-04,406,55,1000,0.08,Stripe,0.69,images/Low-04/L0406/rgb_view1_before.jpg,images/Low-04/L0406/rgb_view1_after.jpg,images/Low-04/L0406/rgb_view2_before.jpg,images/Low-04/L0406/rgb_view2_after.jpg,images/Low-04/L0406/ir_before.jpg,images/Low-04/L0406/ir_after.jpg,1,causal_intervention_low,1,LEL
Low-04,407,55,1000,0.08,Stripe,0.69,images/Low-04/L0407/rgb_view1_before.jpg,images/Low-04/L0407/rgb_view1_after.jpg,images/Low-04/L0407/rgb_view2_before.jpg,images/Low-04/L0407/rgb_view2_after.jpg,images/Low-04/L0407/ir_before.jpg,images/Low-04/L0407/ir_after.jpg,1,causal_intervention_low,1,LEL
Low-04,408,55,1000,0.08,Stripe,0.69,images/Low-04/L0408/rgb_view1_before.jpg,images/Low-04/L0408/rgb_view1_after.jpg,images/Low-04/L0408/rgb_view2_before.jpg,images/Low-04/L0408/rgb_view2_after.jpg,images/Low-04/L0408/ir_before.jpg,images/Low-04/L0408/ir_after.jpg,1,causal_intervention_low,1,LEL
Low-05,343,120,1500,0.08,Stripe,1.0,images/Low-05/L0343/rgb_view1_before.jpg,images/Low-05/L0343/rgb_view1_after.jpg,images/Low-05/L0343/rgb_view2_before.jpg,images/Low-05/L0343/rgb_view2_after.jpg,images/Low-05/L0343/ir_before.jpg,images/Low-05/L0343/ir_after.jpg,1,unseen_param_shift,1,LEL
Low-05,345,120,1500,0.08,Stripe,1.0,images/Low-05/L0345/rgb_view1_before.jpg,images/Low-05/L0345/rgb_view1_after.jpg,images/Low-05/L0345/rgb_view2_before.jpg,images/Low-05/L0345/rgb_view2_after.jpg,images/Low-05/L0345/ir_before.jpg,images/Low-05/L0345/ir_after.jpg,1,unseen_param_shift,1,LEL
Low-05,346,120,1500,0.08,Stripe,1.0,images/Low-05/L0346/rgb_view1_before.jpg,images/Low-05/L0346/rgb_view1_after.jpg,images/Low-05/L0346/rgb_view2_before.jpg,images/Low-05/L0346/rgb_view2_after.jpg,images/Low-05/L0346/ir_before.jpg,images/Low-05/L0346/ir_after.jpg,1,unseen_param_shift,1,LEL
Low-05,347,120,1500,0.08,Stripe,1.0,images/Low-05/L0347/rgb_view1_before.jpg,images/Low-05/L0347/rgb_view1_after.jpg,images/Low-05/L0347/rgb_view2_before.jpg,images/Low-05/L0347/rgb_view2_after.jpg,images/Low-05/L0347/ir_before.jpg,images/Low-05/L0347/ir_after.jpg,1,unseen_param_shift,1,LEL
Low-05,348,120,1500,0.08,Stripe,1.0,images/Low-05/L0348/rgb_view1_before.jpg,images/Low-05/L0348/rgb_view1_after.jpg,images/Low-05/L0348/rgb_view2_before.jpg,images/Low-05/L0348/rgb_view2_after.jpg,images/Low-05/L0348/ir_before.jpg,images/Low-05/L0348/ir_after.jpg,1,unseen_param_shift,1,LEL
Low-05,349,120,1500,0.08,Stripe,1.0,images/Low-05/L0349/rgb_view1_before.jpg,images/Low-05/L0349/rgb_view1_after.jpg,images/Low-05/L0349/rgb_view2_before.jpg,images/Low-05/L0349/rgb_view2_after.jpg,images/Low-05/L0349/ir_before.jpg,images/Low-05/L0349/ir_after.jpg,1,unseen_param_shift,1,LEL
Low-05,355,120,1500,0.08,Stripe,1.0,images/Low-05/L0355/rgb_view1_before.jpg,images/Low-05/L0355/rgb_view1_after.jpg,images/Low-05/L0355/rgb_view2_before.jpg,images/Low-05/L0355/rgb_view2_after.jpg,images/Low-05/L0355/ir_before.jpg,images/Low-05/L0355/ir_after.jpg,1,unseen_param_shift,1,LEL
Low-05,356,120,1500,0.08,Stripe,1.0,images/Low-05/L0356/rgb_view1_before.jpg,images/Low-05/L0356/rgb_view1_after.jpg,images/Low-05/L0356/rgb_view2_before.jpg,images/Low-05/L0356/rgb_view2_after.jpg,images/Low-05/L0356/ir_before.jpg,images/Low-05/L0356/ir_after.jpg,1,unseen_param_shift,1,LEL
Low-05,357,120,1500,0.08,Stripe,1.0,images/Low-05/L0357/rgb_view1_before.jpg,images/Low-05/L0357/rgb_view1_after.jpg,images/Low-05/L0357/rgb_view2_before.jpg,images/Low-05/L0357/rgb_view2_after.jpg,images/Low-05/L0357/ir_before.jpg,images/Low-05/L0357/ir_after.jpg,1,unseen_param_shift,1,LEL
Low-05,358,120,1500,0.08,Stripe,1.0,images/Low-05/L0358/rgb_view1_before.jpg,images/Low-05/L0358/rgb_view1_after.jpg,images/Low-05/L0358/rgb_view2_before.jpg,images/Low-05/L0358/rgb_view2_after.jpg,images/Low-05/L0358/ir_before.jpg,images/Low-05/L0358/ir_after.jpg,1,unseen_param_shift,1,LEL
Low-05,359,120,1500,0.08,Stripe,1.0,images/Low-05/L0359/rgb_view1_before.jpg,images/Low-05/L0359/rgb_view1_after.jpg,images/Low-05/L0359/rgb_view2_before.jpg,images/Low-05/L0359/rgb_view2_after.jpg,images/Low-05/L0359/ir_before.jpg,images/Low-05/L0359/ir_after.jpg,1,unseen_param_shift,1,LEL
Low-05,360,120,1500,0.08,Stripe,1.0,images/Low-05/L0360/rgb_view1_before.jpg,images/Low-05/L0360/rgb_view1_after.jpg,images/Low-05/L0360/rgb_view2_before.jpg,images/Low-05/L0360/rgb_view2_after.jpg,images/Low-05/L0360/ir_before.jpg,images/Low-05/L0360/ir_after.jpg,1,unseen_param_shift,1,LEL
Low-05,361,120,1500,0.08,Stripe,1.0,images/Low-05/L0361/rgb_view1_before.jpg,images/Low-05/L0361/rgb_view1_after.jpg,images/Low-05/L0361/rgb_view2_before.jpg,images/Low-05/L0361/rgb_view2_after.jpg,images/Low-05/L0361/ir_before.jpg,images/Low-05/L0361/ir_after.jpg,1,unseen_param_shift,1,LEL
Low-05,362,120,1500,0.08,Stripe,1.0,images/Low-05/L0362/rgb_view1_before.jpg,images/Low-05/L0362/rgb_view1_after.jpg,images/Low-05/L0362/rgb_view2_before.jpg,images/Low-05/L0362/rgb_view2_after.jpg,images/Low-05/L0362/ir_before.jpg,images/Low-05/L0362/ir_after.jpg,1,unseen_param_shift,1,LEL
Low-05,363,120,1500,0.08,Stripe,1.0,images/Low-05/L0363/rgb_view1_before.jpg,images/Low-05/L0363/rgb_view1_after.jpg,images/Low-05/L0363/rgb_view2_before.jpg,images/Low-05/L0363/rgb_view2_after.jpg,images/Low-05/L0363/ir_before.jpg,images/Low-05/L0363/ir_after.jpg,1,unseen_param_shift,1,LEL
Low-05,365,120,1500,0.08,Stripe,1.0,images/Low-05/L0365/rgb_view1_before.jpg,images/Low-05/L0365/rgb_view1_after.jpg,images/Low-05/L0365/rgb_view2_before.jpg,images/Low-05/L0365/rgb_view2_after.jpg,images/Low-05/L0365/ir_before.jpg,images/Low-05/L0365/ir_after.jpg,1,unseen_param_shift,1,LEL
Low-06,303,120,2000,0.08,Stripe,0.75,images/Low-06/L0303/rgb_view1_before.jpg,images/Low-06/L0303/rgb_view1_after.jpg,images/Low-06/L0303/rgb_view2_before.jpg,images/Low-06/L0303/rgb_view2_after.jpg,images/Low-06/L0303/ir_before.jpg,images/Low-06/L0303/ir_after.jpg,1,unseen_param_shift,1,LEL
Low-06,305,120,2000,0.08,Stripe,0.75,images/Low-06/L0305/rgb_view1_before.jpg,images/Low-06/L0305/rgb_view1_after.jpg,images/Low-06/L0305/rgb_view2_before.jpg,images/Low-06/L0305/rgb_view2_after.jpg,images/Low-06/L0305/ir_before.jpg,images/Low-06/L0305/ir_after.jpg,1,unseen_param_shift,1,LEL
Low-06,306,120,2000,0.08,Stripe,0.75,images/Low-06/L0306/rgb_view1_before.jpg,images/Low-06/L0306/rgb_view1_after.jpg,images/Low-06/L0306/rgb_view2_before.jpg,images/Low-06/L0306/rgb_view2_after.jpg,images/Low-06/L0306/ir_before.jpg,images/Low-06/L0306/ir_after.jpg,1,unseen_param_shift,1,LEL
Low-06,307,120,2000,0.08,Stripe,0.75,images/Low-06/L0307/rgb_view1_before.jpg,images/Low-06/L0307/rgb_view1_after.jpg,images/Low-06/L0307/rgb_view2_before.jpg,images/Low-06/L0307/rgb_view2_after.jpg,images/Low-06/L0307/ir_before.jpg,images/Low-06/L0307/ir_after.jpg,1,unseen_param_shift,1,LEL
Low-06,308,120,2000,0.08,Stripe,0.75,images/Low-06/L0308/rgb_view1_before.jpg,images/Low-06/L0308/rgb_view1_after.jpg,images/Low-06/L0308/rgb_view2_before.jpg,images/Low-06/L0308/rgb_view2_after.jpg,images/Low-06/L0308/ir_before.jpg,images/Low-06/L0308/ir_after.jpg,1,unseen_param_shift,1,LEL
Low-06,309,120,2000,0.08,Stripe,0.75,images/Low-06/L0309/rgb_view1_before.jpg,images/Low-06/L0309/rgb_view1_after.jpg,images/Low-06/L0309/rgb_view2_before.jpg,images/Low-06/L0309/rgb_view2_after.jpg,images/Low-06/L0309/ir_before.jpg,images/Low-06/L0309/ir_after.jpg,1,unseen_param_shift,1,LEL
Low-06,312,120,2000,0.08,Stripe,0.75,images/Low-06/L0312/rgb_view1_before.jpg,images/Low-06/L0312/rgb_view1_after.jpg,images/Low-06/L0312/rgb_view2_before.jpg,images/Low-06/L0312/rgb_view2_after.jpg,images/Low-06/L0312/ir_before.jpg,images/Low-06/L0312/ir_after.jpg,1,unseen_param_shift,1,LEL
Low-06,314,120,2000,0.08,Stripe,0.75,images/Low-06/L0314/rgb_view1_before.jpg,images/Low-06/L0314/rgb_view1_after.jpg,images/Low-06/L0314/rgb_view2_before.jpg,images/Low-06/L0314/rgb_view2_after.jpg,images/Low-06/L0314/ir_before.jpg,images/Low-06/L0314/ir_after.jpg,1,unseen_param_shift,1,LEL
Low-06,316,120,2000,0.08,Stripe,0.75,images/Low-06/L0316/rgb_view1_before.jpg,images/Low-06/L0316/rgb_view1_after.jpg,images/Low-06/L0316/rgb_view2_before.jpg,images/Low-06/L0316/rgb_view2_after.jpg,images/Low-06/L0316/ir_before.jpg,images/Low-06/L0316/ir_after.jpg,1,unseen_param_shift,1,LEL
Low-06,318,120,2000,0.08,Stripe,0.75,images/Low-06/L0318/rgb_view1_before.jpg,images/Low-06/L0318/rgb_view1_after.jpg,images/Low-06/L0318/rgb_view2_before.jpg,images/Low-06/L0318/rgb_view2_after.jpg,images/Low-06/L0318/ir_before.jpg,images/Low-06/L0318/ir_after.jpg,1,unseen_param_shift,1,LEL
Low-06,321,120,2000,0.08,Stripe,0.75,images/Low-06/L0321/rgb_view1_before.jpg,images/Low-06/L0321/rgb_view1_after.jpg,images/Low-06/L0321/rgb_view2_before.jpg,images/Low-06/L0321/rgb_view2_after.jpg,images/Low-06/L0321/ir_before.jpg,images/Low-06/L0321/ir_after.jpg,1,unseen_param_shift,1,LEL
Low-07,366,85,1000,0.08,Zigzag,1.06,images/Low-07/L0366/rgb_view1_before.jpg,images/Low-07/L0366/rgb_view1_after.jpg,images/Low-07/L0366/rgb_view2_before.jpg,images/Low-07/L0366/rgb_view2_after.jpg,images/Low-07/L0366/ir_before.jpg,images/Low-07/L0366/ir_after.jpg,1,unseen_composite_shift,1,LEL
Low-07,369,85,1000,0.08,Zigzag,1.06,images/Low-07/L0369/rgb_view1_before.jpg,images/Low-07/L0369/rgb_view1_after.jpg,images/Low-07/L0369/rgb_view2_before.jpg,images/Low-07/L0369/rgb_view2_after.jpg,images/Low-07/L0369/ir_before.jpg,images/Low-07/L0369/ir_after.jpg,1,unseen_composite_shift,1,LEL
Low-07,372,85,1000,0.08,Zigzag,1.06,images/Low-07/L0372/rgb_view1_before.jpg,images/Low-07/L0372/rgb_view1_after.jpg,images/Low-07/L0372/rgb_view2_before.jpg,images/Low-07/L0372/rgb_view2_after.jpg,images/Low-07/L0372/ir_before.jpg,images/Low-07/L0372/ir_after.jpg,1,unseen_composite_shift,1,LEL
Low-07,373,85,1000,0.08,Zigzag,1.06,images/Low-07/L0373/rgb_view1_before.jpg,images/Low-07/L0373/rgb_view1_after.jpg,images/Low-07/L0373/rgb_view2_before.jpg,images/Low-07/L0373/rgb_view2_after.jpg,images/Low-07/L0373/ir_before.jpg,images/Low-07/L0373/ir_after.jpg,1,unseen_composite_shift,1,LEL
Low-07,375,85,1000,0.08,Zigzag,1.06,images/Low-07/L0375/rgb_view1_before.jpg,images/Low-07/L0375/rgb_view1_after.jpg,images/Low-07/L0375/rgb_view2_before.jpg,images/Low-07/L0375/rgb_view2_after.jpg,images/Low-07/L0375/ir_before.jpg,images/Low-07/L0375/ir_after.jpg,1,unseen_composite_shift,1,LEL
Low-07,376,85,1000,0.08,Zigzag,1.06,images/Low-07/L0376/rgb_view1_before.jpg,images/Low-07/L0376/rgb_view1_after.jpg,images/Low-07/L0376/rgb_view2_before.jpg,images/Low-07/L0376/rgb_view2_after.jpg,images/Low-07/L0376/ir_before.jpg,images/Low-07/L0376/ir_after.jpg,1,unseen_composite_shift,1,LEL
Low-07,377,85,1000,0.08,Zigzag,1.06,images/Low-07/L0377/rgb_view1_before.jpg,images/Low-07/L0377/rgb_view1_after.jpg,images/Low-07/L0377/rgb_view2_before.jpg,images/Low-07/L0377/rgb_view2_after.jpg,images/Low-07/L0377/ir_before.jpg,images/Low-07/L0377/ir_after.jpg,1,unseen_composite_shift,1,LEL
Low-07,378,85,1000,0.08,Zigzag,1.06,images/Low-07/L0378/rgb_view1_before.jpg,images/Low-07/L0378/rgb_view1_after.jpg,images/Low-07/L0378/rgb_view2_before.jpg,images/Low-07/L0378/rgb_view2_after.jpg,images/Low-07/L0378/ir_before.jpg,images/Low-07/L0378/ir_after.jpg,1,unseen_composite_shift,1,LEL
Low-07,379,85,1000,0.08,Zigzag,1.06,images/Low-07/L0379/rgb_view1_before.jpg,images/Low-07/L0379/rgb_view1_after.jpg,images/Low-07/L0379/rgb_view2_before.jpg,images/Low-07/L0379/rgb_view2_after.jpg,images/Low-07/L0379/ir_before.jpg,images/Low-07/L0379/ir_after.jpg,1,unseen_composite_shift,1,LEL
Low-07,380,85,1000,0.08,Zigzag,1.06,images/Low-07/L0380/rgb_view1_before.jpg,images/Low-07/L0380/rgb_view1_after.jpg,images/Low-07/L0380/rgb_view2_before.jpg,images/Low-07/L0380/rgb_view2_after.jpg,images/Low-07/L0380/ir_before.jpg,images/Low-07/L0380/ir_after.jpg,1,unseen_composite_shift,1,LEL
